from,to,anchor
https://normanmechanicalinc.com/hello-world-3/,https://normanmechanicalinc.com/hello-world-3/#content,Skip to content
https://normanmechanicalinc.com/hello-world-3/,https://normanmechanicalinc.com/,
https://normanmechanicalinc.com/hello-world-3/,https://normanmechanicalinc.com/,Home
https://normanmechanicalinc.com/hello-world-3/,https://normanmechanicalinc.com/about-us/,About Us
https://normanmechanicalinc.com/hello-world-3/,https://normanmechanicalinc.com/services/,Services
https://normanmechanicalinc.com/hello-world-3/,https://normanmechanicalinc.com/services/emergency-service/,Emergency Service
https://normanmechanicalinc.com/hello-world-3/,https://normanmechanicalinc.com/services/residential-plumbing/,Residential Plumbing
https://normanmechanicalinc.com/hello-world-3/,https://normanmechanicalinc.com/services/commercial-plumbing/,Commercial Plumbing
https://normanmechanicalinc.com/hello-world-3/,https://normanmechanicalinc.com/services/water-heaters/,Water Heaters
https://normanmechanicalinc.com/hello-world-3/,https://normanmechanicalinc.com/services/tankless-water-heaters/,Tankless Water Heaters
https://normanmechanicalinc.com/hello-world-3/,https://normanmechanicalinc.com/services/sewer-line-repair-and-replacement/,Sewer Line Repair and Replacement
https://normanmechanicalinc.com/hello-world-3/,https://normanmechanicalinc.com/services/drain-cleaning/,Drain Cleaning
https://normanmechanicalinc.com/hello-world-3/,https://normanmechanicalinc.com/services/water-line-repair-and-replacement/,Water Line Repair and Replacement
https://normanmechanicalinc.com/hello-world-3/,https://normanmechanicalinc.com/services/sump-pump/,Sump Pump
https://normanmechanicalinc.com/hello-world-3/,https://normanmechanicalinc.com/services/gas-line-repair-and-replacement/,Gas line repair and replacement
https://normanmechanicalinc.com/hello-world-3/,https://normanmechanicalinc.com/services/new-construction/,New Construction
https://normanmechanicalinc.com/hello-world-3/,https://normanmechanicalinc.com/services/sewer-camera-inspection/,Sewer Camera Inspection
https://normanmechanicalinc.com/hello-world-3/,https://normanmechanicalinc.com/contact-us/,Contact Us
https://normanmechanicalinc.com/hello-world-3/,https://normanmechanicalinc.com/,Home
https://normanmechanicalinc.com/hello-world-3/,https://normanmechanicalinc.com/about-us/,About Us
https://normanmechanicalinc.com/hello-world-3/,https://normanmechanicalinc.com/services/,Services
https://normanmechanicalinc.com/hello-world-3/,https://normanmechanicalinc.com/services/emergency-service/,Emergency Service
https://normanmechanicalinc.com/hello-world-3/,https://normanmechanicalinc.com/services/residential-plumbing/,Residential Plumbing
https://normanmechanicalinc.com/hello-world-3/,https://normanmechanicalinc.com/services/commercial-plumbing/,Commercial Plumbing
https://normanmechanicalinc.com/hello-world-3/,https://normanmechanicalinc.com/services/water-heaters/,Water Heaters
https://normanmechanicalinc.com/hello-world-3/,https://normanmechanicalinc.com/services/tankless-water-heaters/,Tankless Water Heaters
https://normanmechanicalinc.com/hello-world-3/,https://normanmechanicalinc.com/services/sewer-line-repair-and-replacement/,Sewer Line Repair and Replacement
https://normanmechanicalinc.com/hello-world-3/,https://normanmechanicalinc.com/services/drain-cleaning/,Drain Cleaning
https://normanmechanicalinc.com/hello-world-3/,https://normanmechanicalinc.com/services/water-line-repair-and-replacement/,Water Line Repair and Replacement
https://normanmechanicalinc.com/hello-world-3/,https://normanmechanicalinc.com/services/sump-pump/,Sump Pump
https://normanmechanicalinc.com/hello-world-3/,https://normanmechanicalinc.com/services/gas-line-repair-and-replacement/,Gas line repair and replacement
https://normanmechanicalinc.com/hello-world-3/,https://normanmechanicalinc.com/services/new-construction/,New Construction
https://normanmechanicalinc.com/hello-world-3/,https://normanmechanicalinc.com/services/sewer-camera-inspection/,Sewer Camera Inspection
https://normanmechanicalinc.com/hello-world-3/,https://normanmechanicalinc.com/contact-us/,Contact Us
https://normanmechanicalinc.com/hello-world-3/,https://normanmechanicalinc.com/contact-us/#form_submit,REQUEST A QUOTE
https://normanmechanicalinc.com/hello-world-3/,https://normanmechanicalinc.com/,
https://normanmechanicalinc.com/hello-world-3/,https://normanmechanicalinc.com/,Home
https://normanmechanicalinc.com/hello-world-3/,https://normanmechanicalinc.com/about-us/,About Us
https://normanmechanicalinc.com/hello-world-3/,https://normanmechanicalinc.com/services/,Services
https://normanmechanicalinc.com/hello-world-3/,https://normanmechanicalinc.com/services/emergency-service/,Emergency Service
https://normanmechanicalinc.com/hello-world-3/,https://normanmechanicalinc.com/services/residential-plumbing/,Residential Plumbing
https://normanmechanicalinc.com/hello-world-3/,https://normanmechanicalinc.com/services/commercial-plumbing/,Commercial Plumbing
https://normanmechanicalinc.com/hello-world-3/,https://normanmechanicalinc.com/services/water-heaters/,Water Heaters
https://normanmechanicalinc.com/hello-world-3/,https://normanmechanicalinc.com/services/tankless-water-heaters/,Tankless Water Heaters
https://normanmechanicalinc.com/hello-world-3/,https://normanmechanicalinc.com/services/sewer-line-repair-and-replacement/,Sewer Line Repair and Replacement
https://normanmechanicalinc.com/hello-world-3/,https://normanmechanicalinc.com/services/drain-cleaning/,Drain Cleaning
https://normanmechanicalinc.com/hello-world-3/,https://normanmechanicalinc.com/services/water-line-repair-and-replacement/,Water Line Repair and Replacement
https://normanmechanicalinc.com/hello-world-3/,https://normanmechanicalinc.com/services/sump-pump/,Sump Pump
https://normanmechanicalinc.com/hello-world-3/,https://normanmechanicalinc.com/services/gas-line-repair-and-replacement/,Gas line repair and replacement
https://normanmechanicalinc.com/hello-world-3/,https://normanmechanicalinc.com/services/new-construction/,New Construction
https://normanmechanicalinc.com/hello-world-3/,https://normanmechanicalinc.com/services/sewer-camera-inspection/,Sewer Camera Inspection
https://normanmechanicalinc.com/hello-world-3/,https://normanmechanicalinc.com/contact-us/,Contact Us
https://normanmechanicalinc.com/hello-world-3/,https://normanmechanicalinc.com/hello-world-3/#respond,Cancel reply
https://normanmechanicalinc.com/hello-world-3/,https://normanmechanicalinc.com/contact-us/#form_submit,Request A Service
https://normanmechanicalinc.com/hello-world-3/,https://normanmechanicalinc.com/,Home
https://normanmechanicalinc.com/hello-world-3/,https://normanmechanicalinc.com/about-us/,About Us
https://normanmechanicalinc.com/hello-world-3/,https://normanmechanicalinc.com/services/,Services
https://normanmechanicalinc.com/hello-world-3/,https://normanmechanicalinc.com/contact-us/,Contact Us
https://normanmechanicalinc.com/hello-world-3/,https://normanmechanicalinc.com/privacy-policy/,Privacy Policy
https://normanmechanicalinc.com/hello-world-1/,https://normanmechanicalinc.com/hello-world-1/#content,Skip to content
https://normanmechanicalinc.com/hello-world-1/,https://normanmechanicalinc.com/,
https://normanmechanicalinc.com/hello-world-1/,https://normanmechanicalinc.com/,Home
https://normanmechanicalinc.com/hello-world-1/,https://normanmechanicalinc.com/about-us/,About Us
https://normanmechanicalinc.com/hello-world-1/,https://normanmechanicalinc.com/services/,Services
https://normanmechanicalinc.com/hello-world-1/,https://normanmechanicalinc.com/services/emergency-service/,Emergency Service
https://normanmechanicalinc.com/hello-world-1/,https://normanmechanicalinc.com/services/residential-plumbing/,Residential Plumbing
https://normanmechanicalinc.com/hello-world-1/,https://normanmechanicalinc.com/services/commercial-plumbing/,Commercial Plumbing
https://normanmechanicalinc.com/hello-world-1/,https://normanmechanicalinc.com/services/water-heaters/,Water Heaters
https://normanmechanicalinc.com/hello-world-1/,https://normanmechanicalinc.com/services/tankless-water-heaters/,Tankless Water Heaters
https://normanmechanicalinc.com/hello-world-1/,https://normanmechanicalinc.com/services/sewer-line-repair-and-replacement/,Sewer Line Repair and Replacement
https://normanmechanicalinc.com/hello-world-1/,https://normanmechanicalinc.com/services/drain-cleaning/,Drain Cleaning
https://normanmechanicalinc.com/hello-world-1/,https://normanmechanicalinc.com/services/water-line-repair-and-replacement/,Water Line Repair and Replacement
https://normanmechanicalinc.com/hello-world-1/,https://normanmechanicalinc.com/services/sump-pump/,Sump Pump
https://normanmechanicalinc.com/hello-world-1/,https://normanmechanicalinc.com/services/gas-line-repair-and-replacement/,Gas line repair and replacement
https://normanmechanicalinc.com/hello-world-1/,https://normanmechanicalinc.com/services/new-construction/,New Construction
https://normanmechanicalinc.com/hello-world-1/,https://normanmechanicalinc.com/services/sewer-camera-inspection/,Sewer Camera Inspection
https://normanmechanicalinc.com/hello-world-1/,https://normanmechanicalinc.com/contact-us/,Contact Us
https://normanmechanicalinc.com/hello-world-1/,https://normanmechanicalinc.com/,Home
https://normanmechanicalinc.com/hello-world-1/,https://normanmechanicalinc.com/about-us/,About Us
https://normanmechanicalinc.com/hello-world-1/,https://normanmechanicalinc.com/services/,Services
https://normanmechanicalinc.com/hello-world-1/,https://normanmechanicalinc.com/services/emergency-service/,Emergency Service
https://normanmechanicalinc.com/hello-world-1/,https://normanmechanicalinc.com/services/residential-plumbing/,Residential Plumbing
https://normanmechanicalinc.com/hello-world-1/,https://normanmechanicalinc.com/services/commercial-plumbing/,Commercial Plumbing
https://normanmechanicalinc.com/hello-world-1/,https://normanmechanicalinc.com/services/water-heaters/,Water Heaters
https://normanmechanicalinc.com/hello-world-1/,https://normanmechanicalinc.com/services/tankless-water-heaters/,Tankless Water Heaters
https://normanmechanicalinc.com/hello-world-1/,https://normanmechanicalinc.com/services/sewer-line-repair-and-replacement/,Sewer Line Repair and Replacement
https://normanmechanicalinc.com/hello-world-1/,https://normanmechanicalinc.com/services/drain-cleaning/,Drain Cleaning
https://normanmechanicalinc.com/hello-world-1/,https://normanmechanicalinc.com/services/water-line-repair-and-replacement/,Water Line Repair and Replacement
https://normanmechanicalinc.com/hello-world-1/,https://normanmechanicalinc.com/services/sump-pump/,Sump Pump
https://normanmechanicalinc.com/hello-world-1/,https://normanmechanicalinc.com/services/gas-line-repair-and-replacement/,Gas line repair and replacement
https://normanmechanicalinc.com/hello-world-1/,https://normanmechanicalinc.com/services/new-construction/,New Construction
https://normanmechanicalinc.com/hello-world-1/,https://normanmechanicalinc.com/services/sewer-camera-inspection/,Sewer Camera Inspection
https://normanmechanicalinc.com/hello-world-1/,https://normanmechanicalinc.com/contact-us/,Contact Us
https://normanmechanicalinc.com/hello-world-1/,https://normanmechanicalinc.com/contact-us/#form_submit,REQUEST A QUOTE
https://normanmechanicalinc.com/hello-world-1/,https://normanmechanicalinc.com/,
https://normanmechanicalinc.com/hello-world-1/,https://normanmechanicalinc.com/,Home
https://normanmechanicalinc.com/hello-world-1/,https://normanmechanicalinc.com/about-us/,About Us
https://normanmechanicalinc.com/hello-world-1/,https://normanmechanicalinc.com/services/,Services
https://normanmechanicalinc.com/hello-world-1/,https://normanmechanicalinc.com/services/emergency-service/,Emergency Service
https://normanmechanicalinc.com/hello-world-1/,https://normanmechanicalinc.com/services/residential-plumbing/,Residential Plumbing
https://normanmechanicalinc.com/hello-world-1/,https://normanmechanicalinc.com/services/commercial-plumbing/,Commercial Plumbing
https://normanmechanicalinc.com/hello-world-1/,https://normanmechanicalinc.com/services/water-heaters/,Water Heaters
https://normanmechanicalinc.com/hello-world-1/,https://normanmechanicalinc.com/services/tankless-water-heaters/,Tankless Water Heaters
https://normanmechanicalinc.com/hello-world-1/,https://normanmechanicalinc.com/services/sewer-line-repair-and-replacement/,Sewer Line Repair and Replacement
https://normanmechanicalinc.com/hello-world-1/,https://normanmechanicalinc.com/services/drain-cleaning/,Drain Cleaning
https://normanmechanicalinc.com/hello-world-1/,https://normanmechanicalinc.com/services/water-line-repair-and-replacement/,Water Line Repair and Replacement
https://normanmechanicalinc.com/hello-world-1/,https://normanmechanicalinc.com/services/sump-pump/,Sump Pump
https://normanmechanicalinc.com/hello-world-1/,https://normanmechanicalinc.com/services/gas-line-repair-and-replacement/,Gas line repair and replacement
https://normanmechanicalinc.com/hello-world-1/,https://normanmechanicalinc.com/services/new-construction/,New Construction
https://normanmechanicalinc.com/hello-world-1/,https://normanmechanicalinc.com/services/sewer-camera-inspection/,Sewer Camera Inspection
https://normanmechanicalinc.com/hello-world-1/,https://normanmechanicalinc.com/contact-us/,Contact Us
https://normanmechanicalinc.com/hello-world-1/,https://normanmechanicalinc.com/hello-world-1/#respond,Cancel reply
https://normanmechanicalinc.com/hello-world-1/,https://normanmechanicalinc.com/contact-us/#form_submit,Request A Service
https://normanmechanicalinc.com/hello-world-1/,https://normanmechanicalinc.com/,Home
https://normanmechanicalinc.com/hello-world-1/,https://normanmechanicalinc.com/about-us/,About Us
https://normanmechanicalinc.com/hello-world-1/,https://normanmechanicalinc.com/services/,Services
https://normanmechanicalinc.com/hello-world-1/,https://normanmechanicalinc.com/contact-us/,Contact Us
https://normanmechanicalinc.com/hello-world-1/,https://normanmechanicalinc.com/privacy-policy/,Privacy Policy
https://normanmechanicalinc.com/hello-world-2/,https://normanmechanicalinc.com/hello-world-2/#content,Skip to content
https://normanmechanicalinc.com/hello-world-2/,https://normanmechanicalinc.com/,
https://normanmechanicalinc.com/hello-world-2/,https://normanmechanicalinc.com/,Home
https://normanmechanicalinc.com/hello-world-2/,https://normanmechanicalinc.com/about-us/,About Us
https://normanmechanicalinc.com/hello-world-2/,https://normanmechanicalinc.com/services/,Services
https://normanmechanicalinc.com/hello-world-2/,https://normanmechanicalinc.com/services/emergency-service/,Emergency Service
https://normanmechanicalinc.com/hello-world-2/,https://normanmechanicalinc.com/services/residential-plumbing/,Residential Plumbing
https://normanmechanicalinc.com/hello-world-2/,https://normanmechanicalinc.com/services/commercial-plumbing/,Commercial Plumbing
https://normanmechanicalinc.com/hello-world-2/,https://normanmechanicalinc.com/services/water-heaters/,Water Heaters
https://normanmechanicalinc.com/hello-world-2/,https://normanmechanicalinc.com/services/tankless-water-heaters/,Tankless Water Heaters
https://normanmechanicalinc.com/hello-world-2/,https://normanmechanicalinc.com/services/sewer-line-repair-and-replacement/,Sewer Line Repair and Replacement
https://normanmechanicalinc.com/hello-world-2/,https://normanmechanicalinc.com/services/drain-cleaning/,Drain Cleaning
https://normanmechanicalinc.com/hello-world-2/,https://normanmechanicalinc.com/services/water-line-repair-and-replacement/,Water Line Repair and Replacement
https://normanmechanicalinc.com/hello-world-2/,https://normanmechanicalinc.com/services/sump-pump/,Sump Pump
https://normanmechanicalinc.com/hello-world-2/,https://normanmechanicalinc.com/services/gas-line-repair-and-replacement/,Gas line repair and replacement
https://normanmechanicalinc.com/hello-world-2/,https://normanmechanicalinc.com/services/new-construction/,New Construction
https://normanmechanicalinc.com/hello-world-2/,https://normanmechanicalinc.com/services/sewer-camera-inspection/,Sewer Camera Inspection
https://normanmechanicalinc.com/hello-world-2/,https://normanmechanicalinc.com/contact-us/,Contact Us
https://normanmechanicalinc.com/hello-world-2/,https://normanmechanicalinc.com/,Home
https://normanmechanicalinc.com/hello-world-2/,https://normanmechanicalinc.com/about-us/,About Us
https://normanmechanicalinc.com/hello-world-2/,https://normanmechanicalinc.com/services/,Services
https://normanmechanicalinc.com/hello-world-2/,https://normanmechanicalinc.com/services/emergency-service/,Emergency Service
https://normanmechanicalinc.com/hello-world-2/,https://normanmechanicalinc.com/services/residential-plumbing/,Residential Plumbing
https://normanmechanicalinc.com/hello-world-2/,https://normanmechanicalinc.com/services/commercial-plumbing/,Commercial Plumbing
https://normanmechanicalinc.com/hello-world-2/,https://normanmechanicalinc.com/services/water-heaters/,Water Heaters
https://normanmechanicalinc.com/hello-world-2/,https://normanmechanicalinc.com/services/tankless-water-heaters/,Tankless Water Heaters
https://normanmechanicalinc.com/hello-world-2/,https://normanmechanicalinc.com/services/sewer-line-repair-and-replacement/,Sewer Line Repair and Replacement
https://normanmechanicalinc.com/hello-world-2/,https://normanmechanicalinc.com/services/drain-cleaning/,Drain Cleaning
https://normanmechanicalinc.com/hello-world-2/,https://normanmechanicalinc.com/services/water-line-repair-and-replacement/,Water Line Repair and Replacement
https://normanmechanicalinc.com/hello-world-2/,https://normanmechanicalinc.com/services/sump-pump/,Sump Pump
https://normanmechanicalinc.com/hello-world-2/,https://normanmechanicalinc.com/services/gas-line-repair-and-replacement/,Gas line repair and replacement
https://normanmechanicalinc.com/hello-world-2/,https://normanmechanicalinc.com/services/new-construction/,New Construction
https://normanmechanicalinc.com/hello-world-2/,https://normanmechanicalinc.com/services/sewer-camera-inspection/,Sewer Camera Inspection
https://normanmechanicalinc.com/hello-world-2/,https://normanmechanicalinc.com/contact-us/,Contact Us
https://normanmechanicalinc.com/hello-world-2/,https://normanmechanicalinc.com/contact-us/#form_submit,REQUEST A QUOTE
https://normanmechanicalinc.com/hello-world-2/,https://normanmechanicalinc.com/,
https://normanmechanicalinc.com/hello-world-2/,https://normanmechanicalinc.com/,Home
https://normanmechanicalinc.com/hello-world-2/,https://normanmechanicalinc.com/about-us/,About Us
https://normanmechanicalinc.com/hello-world-2/,https://normanmechanicalinc.com/services/,Services
https://normanmechanicalinc.com/hello-world-2/,https://normanmechanicalinc.com/services/emergency-service/,Emergency Service
https://normanmechanicalinc.com/hello-world-2/,https://normanmechanicalinc.com/services/residential-plumbing/,Residential Plumbing
https://normanmechanicalinc.com/hello-world-2/,https://normanmechanicalinc.com/services/commercial-plumbing/,Commercial Plumbing
https://normanmechanicalinc.com/hello-world-2/,https://normanmechanicalinc.com/services/water-heaters/,Water Heaters
https://normanmechanicalinc.com/hello-world-2/,https://normanmechanicalinc.com/services/tankless-water-heaters/,Tankless Water Heaters
https://normanmechanicalinc.com/hello-world-2/,https://normanmechanicalinc.com/services/sewer-line-repair-and-replacement/,Sewer Line Repair and Replacement
https://normanmechanicalinc.com/hello-world-2/,https://normanmechanicalinc.com/services/drain-cleaning/,Drain Cleaning
https://normanmechanicalinc.com/hello-world-2/,https://normanmechanicalinc.com/services/water-line-repair-and-replacement/,Water Line Repair and Replacement
https://normanmechanicalinc.com/hello-world-2/,https://normanmechanicalinc.com/services/sump-pump/,Sump Pump
https://normanmechanicalinc.com/hello-world-2/,https://normanmechanicalinc.com/services/gas-line-repair-and-replacement/,Gas line repair and replacement
https://normanmechanicalinc.com/hello-world-2/,https://normanmechanicalinc.com/services/new-construction/,New Construction
https://normanmechanicalinc.com/hello-world-2/,https://normanmechanicalinc.com/services/sewer-camera-inspection/,Sewer Camera Inspection
https://normanmechanicalinc.com/hello-world-2/,https://normanmechanicalinc.com/contact-us/,Contact Us
https://normanmechanicalinc.com/hello-world-2/,https://normanmechanicalinc.com/hello-world-2/#respond,Cancel reply
https://normanmechanicalinc.com/hello-world-2/,https://normanmechanicalinc.com/contact-us/#form_submit,Request A Service
https://normanmechanicalinc.com/hello-world-2/,https://normanmechanicalinc.com/,Home
https://normanmechanicalinc.com/hello-world-2/,https://normanmechanicalinc.com/about-us/,About Us
https://normanmechanicalinc.com/hello-world-2/,https://normanmechanicalinc.com/services/,Services
https://normanmechanicalinc.com/hello-world-2/,https://normanmechanicalinc.com/contact-us/,Contact Us
https://normanmechanicalinc.com/hello-world-2/,https://normanmechanicalinc.com/privacy-policy/,Privacy Policy
https://normanmechanicalinc.com/hello-world/,https://normanmechanicalinc.com/hello-world/#content,Skip to content
https://normanmechanicalinc.com/hello-world/,https://normanmechanicalinc.com/,
https://normanmechanicalinc.com/hello-world/,https://normanmechanicalinc.com/,Home
https://normanmechanicalinc.com/hello-world/,https://normanmechanicalinc.com/about-us/,About Us
https://normanmechanicalinc.com/hello-world/,https://normanmechanicalinc.com/services/,Services
https://normanmechanicalinc.com/hello-world/,https://normanmechanicalinc.com/services/emergency-service/,Emergency Service
https://normanmechanicalinc.com/hello-world/,https://normanmechanicalinc.com/services/residential-plumbing/,Residential Plumbing
https://normanmechanicalinc.com/hello-world/,https://normanmechanicalinc.com/services/commercial-plumbing/,Commercial Plumbing
https://normanmechanicalinc.com/hello-world/,https://normanmechanicalinc.com/services/water-heaters/,Water Heaters
https://normanmechanicalinc.com/hello-world/,https://normanmechanicalinc.com/services/tankless-water-heaters/,Tankless Water Heaters
https://normanmechanicalinc.com/hello-world/,https://normanmechanicalinc.com/services/sewer-line-repair-and-replacement/,Sewer Line Repair and Replacement
https://normanmechanicalinc.com/hello-world/,https://normanmechanicalinc.com/services/drain-cleaning/,Drain Cleaning
https://normanmechanicalinc.com/hello-world/,https://normanmechanicalinc.com/services/water-line-repair-and-replacement/,Water Line Repair and Replacement
https://normanmechanicalinc.com/hello-world/,https://normanmechanicalinc.com/services/sump-pump/,Sump Pump
https://normanmechanicalinc.com/hello-world/,https://normanmechanicalinc.com/services/gas-line-repair-and-replacement/,Gas line repair and replacement
https://normanmechanicalinc.com/hello-world/,https://normanmechanicalinc.com/services/new-construction/,New Construction
https://normanmechanicalinc.com/hello-world/,https://normanmechanicalinc.com/services/sewer-camera-inspection/,Sewer Camera Inspection
https://normanmechanicalinc.com/hello-world/,https://normanmechanicalinc.com/contact-us/,Contact Us
https://normanmechanicalinc.com/hello-world/,https://normanmechanicalinc.com/,Home
https://normanmechanicalinc.com/hello-world/,https://normanmechanicalinc.com/about-us/,About Us
https://normanmechanicalinc.com/hello-world/,https://normanmechanicalinc.com/services/,Services
https://normanmechanicalinc.com/hello-world/,https://normanmechanicalinc.com/services/emergency-service/,Emergency Service
https://normanmechanicalinc.com/hello-world/,https://normanmechanicalinc.com/services/residential-plumbing/,Residential Plumbing
https://normanmechanicalinc.com/hello-world/,https://normanmechanicalinc.com/services/commercial-plumbing/,Commercial Plumbing
https://normanmechanicalinc.com/hello-world/,https://normanmechanicalinc.com/services/water-heaters/,Water Heaters
https://normanmechanicalinc.com/hello-world/,https://normanmechanicalinc.com/services/tankless-water-heaters/,Tankless Water Heaters
https://normanmechanicalinc.com/hello-world/,https://normanmechanicalinc.com/services/sewer-line-repair-and-replacement/,Sewer Line Repair and Replacement
https://normanmechanicalinc.com/hello-world/,https://normanmechanicalinc.com/services/drain-cleaning/,Drain Cleaning
https://normanmechanicalinc.com/hello-world/,https://normanmechanicalinc.com/services/water-line-repair-and-replacement/,Water Line Repair and Replacement
https://normanmechanicalinc.com/hello-world/,https://normanmechanicalinc.com/services/sump-pump/,Sump Pump
https://normanmechanicalinc.com/hello-world/,https://normanmechanicalinc.com/services/gas-line-repair-and-replacement/,Gas line repair and replacement
https://normanmechanicalinc.com/hello-world/,https://normanmechanicalinc.com/services/new-construction/,New Construction
https://normanmechanicalinc.com/hello-world/,https://normanmechanicalinc.com/services/sewer-camera-inspection/,Sewer Camera Inspection
https://normanmechanicalinc.com/hello-world/,https://normanmechanicalinc.com/contact-us/,Contact Us
https://normanmechanicalinc.com/hello-world/,https://normanmechanicalinc.com/contact-us/#form_submit,REQUEST A QUOTE
https://normanmechanicalinc.com/hello-world/,https://normanmechanicalinc.com/,
https://normanmechanicalinc.com/hello-world/,https://normanmechanicalinc.com/,Home
https://normanmechanicalinc.com/hello-world/,https://normanmechanicalinc.com/about-us/,About Us
https://normanmechanicalinc.com/hello-world/,https://normanmechanicalinc.com/services/,Services
https://normanmechanicalinc.com/hello-world/,https://normanmechanicalinc.com/services/emergency-service/,Emergency Service
https://normanmechanicalinc.com/hello-world/,https://normanmechanicalinc.com/services/residential-plumbing/,Residential Plumbing
https://normanmechanicalinc.com/hello-world/,https://normanmechanicalinc.com/services/commercial-plumbing/,Commercial Plumbing
https://normanmechanicalinc.com/hello-world/,https://normanmechanicalinc.com/services/water-heaters/,Water Heaters
https://normanmechanicalinc.com/hello-world/,https://normanmechanicalinc.com/services/tankless-water-heaters/,Tankless Water Heaters
https://normanmechanicalinc.com/hello-world/,https://normanmechanicalinc.com/services/sewer-line-repair-and-replacement/,Sewer Line Repair and Replacement
https://normanmechanicalinc.com/hello-world/,https://normanmechanicalinc.com/services/drain-cleaning/,Drain Cleaning
https://normanmechanicalinc.com/hello-world/,https://normanmechanicalinc.com/services/water-line-repair-and-replacement/,Water Line Repair and Replacement
https://normanmechanicalinc.com/hello-world/,https://normanmechanicalinc.com/services/sump-pump/,Sump Pump
https://normanmechanicalinc.com/hello-world/,https://normanmechanicalinc.com/services/gas-line-repair-and-replacement/,Gas line repair and replacement
https://normanmechanicalinc.com/hello-world/,https://normanmechanicalinc.com/services/new-construction/,New Construction
https://normanmechanicalinc.com/hello-world/,https://normanmechanicalinc.com/services/sewer-camera-inspection/,Sewer Camera Inspection
https://normanmechanicalinc.com/hello-world/,https://normanmechanicalinc.com/contact-us/,Contact Us
https://normanmechanicalinc.com/hello-world/,https://normanmechanicalinc.com/hello-world/#comment-1,"November 14, 2025 at 11:48 pm"
https://normanmechanicalinc.com/hello-world/,https://normanmechanicalinc.com/hello-world/#comment-1,Reply
https://normanmechanicalinc.com/hello-world/,https://normanmechanicalinc.com/hello-world/#respond,Cancel reply
https://normanmechanicalinc.com/hello-world/,https://normanmechanicalinc.com/contact-us/#form_submit,Request A Service
https://normanmechanicalinc.com/hello-world/,https://normanmechanicalinc.com/,Home
https://normanmechanicalinc.com/hello-world/,https://normanmechanicalinc.com/about-us/,About Us
https://normanmechanicalinc.com/hello-world/,https://normanmechanicalinc.com/services/,Services
https://normanmechanicalinc.com/hello-world/,https://normanmechanicalinc.com/contact-us/,Contact Us
https://normanmechanicalinc.com/hello-world/,https://normanmechanicalinc.com/privacy-policy/,Privacy Policy
https://normanmechanicalinc.com/,https://normanmechanicalinc.com/#content,Skip to content
https://normanmechanicalinc.com/,https://normanmechanicalinc.com/,
https://normanmechanicalinc.com/,https://normanmechanicalinc.com/,Home
https://normanmechanicalinc.com/,https://normanmechanicalinc.com/about-us/,About Us
https://normanmechanicalinc.com/,https://normanmechanicalinc.com/services/,Services
https://normanmechanicalinc.com/,https://normanmechanicalinc.com/services/emergency-service/,Emergency Service
https://normanmechanicalinc.com/,https://normanmechanicalinc.com/services/residential-plumbing/,Residential Plumbing
https://normanmechanicalinc.com/,https://normanmechanicalinc.com/services/commercial-plumbing/,Commercial Plumbing
https://normanmechanicalinc.com/,https://normanmechanicalinc.com/services/water-heaters/,Water Heaters
https://normanmechanicalinc.com/,https://normanmechanicalinc.com/services/tankless-water-heaters/,Tankless Water Heaters
https://normanmechanicalinc.com/,https://normanmechanicalinc.com/services/sewer-line-repair-and-replacement/,Sewer Line Repair and Replacement
https://normanmechanicalinc.com/,https://normanmechanicalinc.com/services/drain-cleaning/,Drain Cleaning
https://normanmechanicalinc.com/,https://normanmechanicalinc.com/services/water-line-repair-and-replacement/,Water Line Repair and Replacement
https://normanmechanicalinc.com/,https://normanmechanicalinc.com/services/sump-pump/,Sump Pump
https://normanmechanicalinc.com/,https://normanmechanicalinc.com/services/gas-line-repair-and-replacement/,Gas line repair and replacement
https://normanmechanicalinc.com/,https://normanmechanicalinc.com/services/new-construction/,New Construction
https://normanmechanicalinc.com/,https://normanmechanicalinc.com/services/sewer-camera-inspection/,Sewer Camera Inspection
https://normanmechanicalinc.com/,https://normanmechanicalinc.com/contact-us/,Contact Us
https://normanmechanicalinc.com/,https://normanmechanicalinc.com/,Home
https://normanmechanicalinc.com/,https://normanmechanicalinc.com/about-us/,About Us
https://normanmechanicalinc.com/,https://normanmechanicalinc.com/services/,Services
https://normanmechanicalinc.com/,https://normanmechanicalinc.com/services/emergency-service/,Emergency Service
https://normanmechanicalinc.com/,https://normanmechanicalinc.com/services/residential-plumbing/,Residential Plumbing
https://normanmechanicalinc.com/,https://normanmechanicalinc.com/services/commercial-plumbing/,Commercial Plumbing
https://normanmechanicalinc.com/,https://normanmechanicalinc.com/services/water-heaters/,Water Heaters
https://normanmechanicalinc.com/,https://normanmechanicalinc.com/services/tankless-water-heaters/,Tankless Water Heaters
https://normanmechanicalinc.com/,https://normanmechanicalinc.com/services/sewer-line-repair-and-replacement/,Sewer Line Repair and Replacement
https://normanmechanicalinc.com/,https://normanmechanicalinc.com/services/drain-cleaning/,Drain Cleaning
https://normanmechanicalinc.com/,https://normanmechanicalinc.com/services/water-line-repair-and-replacement/,Water Line Repair and Replacement
https://normanmechanicalinc.com/,https://normanmechanicalinc.com/services/sump-pump/,Sump Pump
https://normanmechanicalinc.com/,https://normanmechanicalinc.com/services/gas-line-repair-and-replacement/,Gas line repair and replacement
https://normanmechanicalinc.com/,https://normanmechanicalinc.com/services/new-construction/,New Construction
https://normanmechanicalinc.com/,https://normanmechanicalinc.com/services/sewer-camera-inspection/,Sewer Camera Inspection
https://normanmechanicalinc.com/,https://normanmechanicalinc.com/contact-us/,Contact Us
https://normanmechanicalinc.com/,https://normanmechanicalinc.com/contact-us/#form_submit,REQUEST A QUOTE
https://normanmechanicalinc.com/,https://normanmechanicalinc.com/,
https://normanmechanicalinc.com/,https://normanmechanicalinc.com/,Home
https://normanmechanicalinc.com/,https://normanmechanicalinc.com/about-us/,About Us
https://normanmechanicalinc.com/,https://normanmechanicalinc.com/services/,Services
https://normanmechanicalinc.com/,https://normanmechanicalinc.com/services/emergency-service/,Emergency Service
https://normanmechanicalinc.com/,https://normanmechanicalinc.com/services/residential-plumbing/,Residential Plumbing
https://normanmechanicalinc.com/,https://normanmechanicalinc.com/services/commercial-plumbing/,Commercial Plumbing
https://normanmechanicalinc.com/,https://normanmechanicalinc.com/services/water-heaters/,Water Heaters
https://normanmechanicalinc.com/,https://normanmechanicalinc.com/services/tankless-water-heaters/,Tankless Water Heaters
https://normanmechanicalinc.com/,https://normanmechanicalinc.com/services/sewer-line-repair-and-replacement/,Sewer Line Repair and Replacement
https://normanmechanicalinc.com/,https://normanmechanicalinc.com/services/drain-cleaning/,Drain Cleaning
https://normanmechanicalinc.com/,https://normanmechanicalinc.com/services/water-line-repair-and-replacement/,Water Line Repair and Replacement
https://normanmechanicalinc.com/,https://normanmechanicalinc.com/services/sump-pump/,Sump Pump
https://normanmechanicalinc.com/,https://normanmechanicalinc.com/services/gas-line-repair-and-replacement/,Gas line repair and replacement
https://normanmechanicalinc.com/,https://normanmechanicalinc.com/services/new-construction/,New Construction
https://normanmechanicalinc.com/,https://normanmechanicalinc.com/services/sewer-camera-inspection/,Sewer Camera Inspection
https://normanmechanicalinc.com/,https://normanmechanicalinc.com/contact-us/,Contact Us
https://normanmechanicalinc.com/,https://normanmechanicalinc.com/contact-us/#form_submit,REQUEST A SERVICE
https://normanmechanicalinc.com/,https://normanmechanicalinc.com/services/,VIEW OUR SERVICES
https://normanmechanicalinc.com/,https://normanmechanicalinc.com/contact-us/#form_submit,REQUEST A SERVICE
https://normanmechanicalinc.com/,https://normanmechanicalinc.com/services/,VIEW OUR SERVICES
https://normanmechanicalinc.com/,https://normanmechanicalinc.com/services/commercial-plumbing/,
https://normanmechanicalinc.com/,https://normanmechanicalinc.com/services/commercial-plumbing/,PLUMBING
https://normanmechanicalinc.com/,https://normanmechanicalinc.com/services/water-line-repair-and-replacement/,
https://normanmechanicalinc.com/,https://normanmechanicalinc.com/services/water-line-repair-and-replacement/,water line
https://normanmechanicalinc.com/,https://normanmechanicalinc.com/services/water-heaters/,
https://normanmechanicalinc.com/,https://normanmechanicalinc.com/services/water-heaters/,Water Heater
https://normanmechanicalinc.com/,https://normanmechanicalinc.com/services/sewer-line-repair-and-replacement/,
https://normanmechanicalinc.com/,https://normanmechanicalinc.com/services/sewer-line-repair-and-replacement/,sewer
https://normanmechanicalinc.com/,https://normanmechanicalinc.com/contact-us/#form_submit,REQUEST A SERVICE
https://normanmechanicalinc.com/,https://normanmechanicalinc.com/services/commercial-plumbing/,More Details
https://normanmechanicalinc.com/,https://normanmechanicalinc.com/services/gas-line-repair-and-replacement/,More Details
https://normanmechanicalinc.com/,https://normanmechanicalinc.com/services/new-construction/,More Details
https://normanmechanicalinc.com/,https://normanmechanicalinc.com/services/sewer-camera-inspection/,More Details
https://normanmechanicalinc.com/,https://normanmechanicalinc.com/services/residential-plumbing/,More Details
https://normanmechanicalinc.com/,https://normanmechanicalinc.com/services/sewer-line-repair-and-replacement/,More Details
https://normanmechanicalinc.com/,https://normanmechanicalinc.com/contact-us/#form_submit,Get a Quote
https://normanmechanicalinc.com/,https://normanmechanicalinc.com/contact-us/#form_submit,REQUEST A SERVICE
https://normanmechanicalinc.com/,https://normanmechanicalinc.com/contact-us/#form_submit,Request A Service
https://normanmechanicalinc.com/,https://normanmechanicalinc.com/,Home
https://normanmechanicalinc.com/,https://normanmechanicalinc.com/about-us/,About Us
https://normanmechanicalinc.com/,https://normanmechanicalinc.com/services/,Services
https://normanmechanicalinc.com/,https://normanmechanicalinc.com/contact-us/,Contact Us
https://normanmechanicalinc.com/,https://normanmechanicalinc.com/privacy-policy/,Privacy Policy
https://normanmechanicalinc.com/services/water-heaters/,https://normanmechanicalinc.com/services/water-heaters/#content,Skip to content
https://normanmechanicalinc.com/services/water-heaters/,https://normanmechanicalinc.com/,
https://normanmechanicalinc.com/services/water-heaters/,https://normanmechanicalinc.com/,Home
https://normanmechanicalinc.com/services/water-heaters/,https://normanmechanicalinc.com/about-us/,About Us
https://normanmechanicalinc.com/services/water-heaters/,https://normanmechanicalinc.com/services/,Services
https://normanmechanicalinc.com/services/water-heaters/,https://normanmechanicalinc.com/services/emergency-service/,Emergency Service
https://normanmechanicalinc.com/services/water-heaters/,https://normanmechanicalinc.com/services/residential-plumbing/,Residential Plumbing
https://normanmechanicalinc.com/services/water-heaters/,https://normanmechanicalinc.com/services/commercial-plumbing/,Commercial Plumbing
https://normanmechanicalinc.com/services/water-heaters/,https://normanmechanicalinc.com/services/water-heaters/,Water Heaters
https://normanmechanicalinc.com/services/water-heaters/,https://normanmechanicalinc.com/services/tankless-water-heaters/,Tankless Water Heaters
https://normanmechanicalinc.com/services/water-heaters/,https://normanmechanicalinc.com/services/sewer-line-repair-and-replacement/,Sewer Line Repair and Replacement
https://normanmechanicalinc.com/services/water-heaters/,https://normanmechanicalinc.com/services/drain-cleaning/,Drain Cleaning
https://normanmechanicalinc.com/services/water-heaters/,https://normanmechanicalinc.com/services/water-line-repair-and-replacement/,Water Line Repair and Replacement
https://normanmechanicalinc.com/services/water-heaters/,https://normanmechanicalinc.com/services/sump-pump/,Sump Pump
https://normanmechanicalinc.com/services/water-heaters/,https://normanmechanicalinc.com/services/gas-line-repair-and-replacement/,Gas line repair and replacement
https://normanmechanicalinc.com/services/water-heaters/,https://normanmechanicalinc.com/services/new-construction/,New Construction
https://normanmechanicalinc.com/services/water-heaters/,https://normanmechanicalinc.com/services/sewer-camera-inspection/,Sewer Camera Inspection
https://normanmechanicalinc.com/services/water-heaters/,https://normanmechanicalinc.com/contact-us/,Contact Us
https://normanmechanicalinc.com/services/water-heaters/,https://normanmechanicalinc.com/,Home
https://normanmechanicalinc.com/services/water-heaters/,https://normanmechanicalinc.com/about-us/,About Us
https://normanmechanicalinc.com/services/water-heaters/,https://normanmechanicalinc.com/services/,Services
https://normanmechanicalinc.com/services/water-heaters/,https://normanmechanicalinc.com/services/emergency-service/,Emergency Service
https://normanmechanicalinc.com/services/water-heaters/,https://normanmechanicalinc.com/services/residential-plumbing/,Residential Plumbing
https://normanmechanicalinc.com/services/water-heaters/,https://normanmechanicalinc.com/services/commercial-plumbing/,Commercial Plumbing
https://normanmechanicalinc.com/services/water-heaters/,https://normanmechanicalinc.com/services/water-heaters/,Water Heaters
https://normanmechanicalinc.com/services/water-heaters/,https://normanmechanicalinc.com/services/tankless-water-heaters/,Tankless Water Heaters
https://normanmechanicalinc.com/services/water-heaters/,https://normanmechanicalinc.com/services/sewer-line-repair-and-replacement/,Sewer Line Repair and Replacement
https://normanmechanicalinc.com/services/water-heaters/,https://normanmechanicalinc.com/services/drain-cleaning/,Drain Cleaning
https://normanmechanicalinc.com/services/water-heaters/,https://normanmechanicalinc.com/services/water-line-repair-and-replacement/,Water Line Repair and Replacement
https://normanmechanicalinc.com/services/water-heaters/,https://normanmechanicalinc.com/services/sump-pump/,Sump Pump
https://normanmechanicalinc.com/services/water-heaters/,https://normanmechanicalinc.com/services/gas-line-repair-and-replacement/,Gas line repair and replacement
https://normanmechanicalinc.com/services/water-heaters/,https://normanmechanicalinc.com/services/new-construction/,New Construction
https://normanmechanicalinc.com/services/water-heaters/,https://normanmechanicalinc.com/services/sewer-camera-inspection/,Sewer Camera Inspection
https://normanmechanicalinc.com/services/water-heaters/,https://normanmechanicalinc.com/contact-us/,Contact Us
https://normanmechanicalinc.com/services/water-heaters/,https://normanmechanicalinc.com/contact-us/#form_submit,REQUEST A QUOTE
https://normanmechanicalinc.com/services/water-heaters/,https://normanmechanicalinc.com/,
https://normanmechanicalinc.com/services/water-heaters/,https://normanmechanicalinc.com/,Home
https://normanmechanicalinc.com/services/water-heaters/,https://normanmechanicalinc.com/about-us/,About Us
https://normanmechanicalinc.com/services/water-heaters/,https://normanmechanicalinc.com/services/,Services
https://normanmechanicalinc.com/services/water-heaters/,https://normanmechanicalinc.com/services/emergency-service/,Emergency Service
https://normanmechanicalinc.com/services/water-heaters/,https://normanmechanicalinc.com/services/residential-plumbing/,Residential Plumbing
https://normanmechanicalinc.com/services/water-heaters/,https://normanmechanicalinc.com/services/commercial-plumbing/,Commercial Plumbing
https://normanmechanicalinc.com/services/water-heaters/,https://normanmechanicalinc.com/services/water-heaters/,Water Heaters
https://normanmechanicalinc.com/services/water-heaters/,https://normanmechanicalinc.com/services/tankless-water-heaters/,Tankless Water Heaters
https://normanmechanicalinc.com/services/water-heaters/,https://normanmechanicalinc.com/services/sewer-line-repair-and-replacement/,Sewer Line Repair and Replacement
https://normanmechanicalinc.com/services/water-heaters/,https://normanmechanicalinc.com/services/drain-cleaning/,Drain Cleaning
https://normanmechanicalinc.com/services/water-heaters/,https://normanmechanicalinc.com/services/water-line-repair-and-replacement/,Water Line Repair and Replacement
https://normanmechanicalinc.com/services/water-heaters/,https://normanmechanicalinc.com/services/sump-pump/,Sump Pump
https://normanmechanicalinc.com/services/water-heaters/,https://normanmechanicalinc.com/services/gas-line-repair-and-replacement/,Gas line repair and replacement
https://normanmechanicalinc.com/services/water-heaters/,https://normanmechanicalinc.com/services/new-construction/,New Construction
https://normanmechanicalinc.com/services/water-heaters/,https://normanmechanicalinc.com/services/sewer-camera-inspection/,Sewer Camera Inspection
https://normanmechanicalinc.com/services/water-heaters/,https://normanmechanicalinc.com/contact-us/,Contact Us
https://normanmechanicalinc.com/services/water-heaters/,https://normanmechanicalinc.com/services/emergency-service/,Emergency Service
https://normanmechanicalinc.com/services/water-heaters/,https://normanmechanicalinc.com/services/residential-plumbing/,Residential Plumbing
https://normanmechanicalinc.com/services/water-heaters/,https://normanmechanicalinc.com/services/commercial-plumbing/,Commercial Plumbing
https://normanmechanicalinc.com/services/water-heaters/,https://normanmechanicalinc.com/services/water-heaters/,Water Heaters
https://normanmechanicalinc.com/services/water-heaters/,https://normanmechanicalinc.com/services/tankless-water-heaters/,Tankless Water Heaters
https://normanmechanicalinc.com/services/water-heaters/,https://normanmechanicalinc.com/services/sewer-line-repair-and-replacement/,Sewer Line Repair and Replacement
https://normanmechanicalinc.com/services/water-heaters/,https://normanmechanicalinc.com/services/drain-cleaning/,Drain Cleaning
https://normanmechanicalinc.com/services/water-heaters/,https://normanmechanicalinc.com/services/water-line-repair-and-replacement/,Water Line Repair and Replacement
https://normanmechanicalinc.com/services/water-heaters/,https://normanmechanicalinc.com/services/sump-pump/,Sump Pump
https://normanmechanicalinc.com/services/water-heaters/,https://normanmechanicalinc.com/services/gas-line-repair-and-replacement/,Gas line repair and replacement
https://normanmechanicalinc.com/services/water-heaters/,https://normanmechanicalinc.com/services/new-construction/,New Construction
https://normanmechanicalinc.com/services/water-heaters/,https://normanmechanicalinc.com/services/sewer-camera-inspection/,Sewer Camera Inspection
https://normanmechanicalinc.com/services/water-heaters/,https://normanmechanicalinc.com/contact-us/#form_submit,Get a Quote
https://normanmechanicalinc.com/services/water-heaters/,https://normanmechanicalinc.com/contact-us/#form_submit,Request A Service
https://normanmechanicalinc.com/services/water-heaters/,https://normanmechanicalinc.com/,Home
https://normanmechanicalinc.com/services/water-heaters/,https://normanmechanicalinc.com/about-us/,About Us
https://normanmechanicalinc.com/services/water-heaters/,https://normanmechanicalinc.com/services/,Services
https://normanmechanicalinc.com/services/water-heaters/,https://normanmechanicalinc.com/contact-us/,Contact Us
https://normanmechanicalinc.com/services/water-heaters/,https://normanmechanicalinc.com/privacy-policy/,Privacy Policy
https://normanmechanicalinc.com/services/water-line-repair-and-replacement/,https://normanmechanicalinc.com/services/water-line-repair-and-replacement/#content,Skip to content
https://normanmechanicalinc.com/services/water-line-repair-and-replacement/,https://normanmechanicalinc.com/,
https://normanmechanicalinc.com/services/water-line-repair-and-replacement/,https://normanmechanicalinc.com/,Home
https://normanmechanicalinc.com/services/water-line-repair-and-replacement/,https://normanmechanicalinc.com/about-us/,About Us
https://normanmechanicalinc.com/services/water-line-repair-and-replacement/,https://normanmechanicalinc.com/services/,Services
https://normanmechanicalinc.com/services/water-line-repair-and-replacement/,https://normanmechanicalinc.com/services/emergency-service/,Emergency Service
https://normanmechanicalinc.com/services/water-line-repair-and-replacement/,https://normanmechanicalinc.com/services/residential-plumbing/,Residential Plumbing
https://normanmechanicalinc.com/services/water-line-repair-and-replacement/,https://normanmechanicalinc.com/services/commercial-plumbing/,Commercial Plumbing
https://normanmechanicalinc.com/services/water-line-repair-and-replacement/,https://normanmechanicalinc.com/services/water-heaters/,Water Heaters
https://normanmechanicalinc.com/services/water-line-repair-and-replacement/,https://normanmechanicalinc.com/services/tankless-water-heaters/,Tankless Water Heaters
https://normanmechanicalinc.com/services/water-line-repair-and-replacement/,https://normanmechanicalinc.com/services/sewer-line-repair-and-replacement/,Sewer Line Repair and Replacement
https://normanmechanicalinc.com/services/water-line-repair-and-replacement/,https://normanmechanicalinc.com/services/drain-cleaning/,Drain Cleaning
https://normanmechanicalinc.com/services/water-line-repair-and-replacement/,https://normanmechanicalinc.com/services/water-line-repair-and-replacement/,Water Line Repair and Replacement
https://normanmechanicalinc.com/services/water-line-repair-and-replacement/,https://normanmechanicalinc.com/services/sump-pump/,Sump Pump
https://normanmechanicalinc.com/services/water-line-repair-and-replacement/,https://normanmechanicalinc.com/services/gas-line-repair-and-replacement/,Gas line repair and replacement
https://normanmechanicalinc.com/services/water-line-repair-and-replacement/,https://normanmechanicalinc.com/services/new-construction/,New Construction
https://normanmechanicalinc.com/services/water-line-repair-and-replacement/,https://normanmechanicalinc.com/services/sewer-camera-inspection/,Sewer Camera Inspection
https://normanmechanicalinc.com/services/water-line-repair-and-replacement/,https://normanmechanicalinc.com/contact-us/,Contact Us
https://normanmechanicalinc.com/services/water-line-repair-and-replacement/,https://normanmechanicalinc.com/,Home
https://normanmechanicalinc.com/services/water-line-repair-and-replacement/,https://normanmechanicalinc.com/about-us/,About Us
https://normanmechanicalinc.com/services/water-line-repair-and-replacement/,https://normanmechanicalinc.com/services/,Services
https://normanmechanicalinc.com/services/water-line-repair-and-replacement/,https://normanmechanicalinc.com/services/emergency-service/,Emergency Service
https://normanmechanicalinc.com/services/water-line-repair-and-replacement/,https://normanmechanicalinc.com/services/residential-plumbing/,Residential Plumbing
https://normanmechanicalinc.com/services/water-line-repair-and-replacement/,https://normanmechanicalinc.com/services/commercial-plumbing/,Commercial Plumbing
https://normanmechanicalinc.com/services/water-line-repair-and-replacement/,https://normanmechanicalinc.com/services/water-heaters/,Water Heaters
https://normanmechanicalinc.com/services/water-line-repair-and-replacement/,https://normanmechanicalinc.com/services/tankless-water-heaters/,Tankless Water Heaters
https://normanmechanicalinc.com/services/water-line-repair-and-replacement/,https://normanmechanicalinc.com/services/sewer-line-repair-and-replacement/,Sewer Line Repair and Replacement
https://normanmechanicalinc.com/services/water-line-repair-and-replacement/,https://normanmechanicalinc.com/services/drain-cleaning/,Drain Cleaning
https://normanmechanicalinc.com/services/water-line-repair-and-replacement/,https://normanmechanicalinc.com/services/water-line-repair-and-replacement/,Water Line Repair and Replacement
https://normanmechanicalinc.com/services/water-line-repair-and-replacement/,https://normanmechanicalinc.com/services/sump-pump/,Sump Pump
https://normanmechanicalinc.com/services/water-line-repair-and-replacement/,https://normanmechanicalinc.com/services/gas-line-repair-and-replacement/,Gas line repair and replacement
https://normanmechanicalinc.com/services/water-line-repair-and-replacement/,https://normanmechanicalinc.com/services/new-construction/,New Construction
https://normanmechanicalinc.com/services/water-line-repair-and-replacement/,https://normanmechanicalinc.com/services/sewer-camera-inspection/,Sewer Camera Inspection
https://normanmechanicalinc.com/services/water-line-repair-and-replacement/,https://normanmechanicalinc.com/contact-us/,Contact Us
https://normanmechanicalinc.com/services/water-line-repair-and-replacement/,https://normanmechanicalinc.com/contact-us/#form_submit,REQUEST A QUOTE
https://normanmechanicalinc.com/services/water-line-repair-and-replacement/,https://normanmechanicalinc.com/,
https://normanmechanicalinc.com/services/water-line-repair-and-replacement/,https://normanmechanicalinc.com/,Home
https://normanmechanicalinc.com/services/water-line-repair-and-replacement/,https://normanmechanicalinc.com/about-us/,About Us
https://normanmechanicalinc.com/services/water-line-repair-and-replacement/,https://normanmechanicalinc.com/services/,Services
https://normanmechanicalinc.com/services/water-line-repair-and-replacement/,https://normanmechanicalinc.com/services/emergency-service/,Emergency Service
https://normanmechanicalinc.com/services/water-line-repair-and-replacement/,https://normanmechanicalinc.com/services/residential-plumbing/,Residential Plumbing
https://normanmechanicalinc.com/services/water-line-repair-and-replacement/,https://normanmechanicalinc.com/services/commercial-plumbing/,Commercial Plumbing
https://normanmechanicalinc.com/services/water-line-repair-and-replacement/,https://normanmechanicalinc.com/services/water-heaters/,Water Heaters
https://normanmechanicalinc.com/services/water-line-repair-and-replacement/,https://normanmechanicalinc.com/services/tankless-water-heaters/,Tankless Water Heaters
https://normanmechanicalinc.com/services/water-line-repair-and-replacement/,https://normanmechanicalinc.com/services/sewer-line-repair-and-replacement/,Sewer Line Repair and Replacement
https://normanmechanicalinc.com/services/water-line-repair-and-replacement/,https://normanmechanicalinc.com/services/drain-cleaning/,Drain Cleaning
https://normanmechanicalinc.com/services/water-line-repair-and-replacement/,https://normanmechanicalinc.com/services/water-line-repair-and-replacement/,Water Line Repair and Replacement
https://normanmechanicalinc.com/services/water-line-repair-and-replacement/,https://normanmechanicalinc.com/services/sump-pump/,Sump Pump
https://normanmechanicalinc.com/services/water-line-repair-and-replacement/,https://normanmechanicalinc.com/services/gas-line-repair-and-replacement/,Gas line repair and replacement
https://normanmechanicalinc.com/services/water-line-repair-and-replacement/,https://normanmechanicalinc.com/services/new-construction/,New Construction
https://normanmechanicalinc.com/services/water-line-repair-and-replacement/,https://normanmechanicalinc.com/services/sewer-camera-inspection/,Sewer Camera Inspection
https://normanmechanicalinc.com/services/water-line-repair-and-replacement/,https://normanmechanicalinc.com/contact-us/,Contact Us
https://normanmechanicalinc.com/services/water-line-repair-and-replacement/,https://normanmechanicalinc.com/services/emergency-service/,Emergency Service
https://normanmechanicalinc.com/services/water-line-repair-and-replacement/,https://normanmechanicalinc.com/services/residential-plumbing/,Residential Plumbing
https://normanmechanicalinc.com/services/water-line-repair-and-replacement/,https://normanmechanicalinc.com/services/commercial-plumbing/,Commercial Plumbing
https://normanmechanicalinc.com/services/water-line-repair-and-replacement/,https://normanmechanicalinc.com/services/water-heaters/,Water Heaters
https://normanmechanicalinc.com/services/water-line-repair-and-replacement/,https://normanmechanicalinc.com/services/tankless-water-heaters/,Tankless Water Heaters
https://normanmechanicalinc.com/services/water-line-repair-and-replacement/,https://normanmechanicalinc.com/services/sewer-line-repair-and-replacement/,Sewer Line Repair and Replacement
https://normanmechanicalinc.com/services/water-line-repair-and-replacement/,https://normanmechanicalinc.com/services/drain-cleaning/,Drain Cleaning
https://normanmechanicalinc.com/services/water-line-repair-and-replacement/,https://normanmechanicalinc.com/services/water-line-repair-and-replacement/,Water Line Repair and Replacement
https://normanmechanicalinc.com/services/water-line-repair-and-replacement/,https://normanmechanicalinc.com/services/sump-pump/,Sump Pump
https://normanmechanicalinc.com/services/water-line-repair-and-replacement/,https://normanmechanicalinc.com/services/gas-line-repair-and-replacement/,Gas line repair and replacement
https://normanmechanicalinc.com/services/water-line-repair-and-replacement/,https://normanmechanicalinc.com/services/new-construction/,New Construction
https://normanmechanicalinc.com/services/water-line-repair-and-replacement/,https://normanmechanicalinc.com/services/sewer-camera-inspection/,Sewer Camera Inspection
https://normanmechanicalinc.com/services/water-line-repair-and-replacement/,https://normanmechanicalinc.com/contact-us/#form_submit,Get a Quote
https://normanmechanicalinc.com/services/water-line-repair-and-replacement/,https://normanmechanicalinc.com/contact-us/#form_submit,Request A Service
https://normanmechanicalinc.com/services/water-line-repair-and-replacement/,https://normanmechanicalinc.com/,Home
https://normanmechanicalinc.com/services/water-line-repair-and-replacement/,https://normanmechanicalinc.com/about-us/,About Us
https://normanmechanicalinc.com/services/water-line-repair-and-replacement/,https://normanmechanicalinc.com/services/,Services
https://normanmechanicalinc.com/services/water-line-repair-and-replacement/,https://normanmechanicalinc.com/contact-us/,Contact Us
https://normanmechanicalinc.com/services/water-line-repair-and-replacement/,https://normanmechanicalinc.com/privacy-policy/,Privacy Policy
https://normanmechanicalinc.com/services/tankless-water-heaters/,https://normanmechanicalinc.com/services/tankless-water-heaters/#content,Skip to content
https://normanmechanicalinc.com/services/tankless-water-heaters/,https://normanmechanicalinc.com/,
https://normanmechanicalinc.com/services/tankless-water-heaters/,https://normanmechanicalinc.com/,Home
https://normanmechanicalinc.com/services/tankless-water-heaters/,https://normanmechanicalinc.com/about-us/,About Us
https://normanmechanicalinc.com/services/tankless-water-heaters/,https://normanmechanicalinc.com/services/,Services
https://normanmechanicalinc.com/services/tankless-water-heaters/,https://normanmechanicalinc.com/services/emergency-service/,Emergency Service
https://normanmechanicalinc.com/services/tankless-water-heaters/,https://normanmechanicalinc.com/services/residential-plumbing/,Residential Plumbing
https://normanmechanicalinc.com/services/tankless-water-heaters/,https://normanmechanicalinc.com/services/commercial-plumbing/,Commercial Plumbing
https://normanmechanicalinc.com/services/tankless-water-heaters/,https://normanmechanicalinc.com/services/water-heaters/,Water Heaters
https://normanmechanicalinc.com/services/tankless-water-heaters/,https://normanmechanicalinc.com/services/tankless-water-heaters/,Tankless Water Heaters
https://normanmechanicalinc.com/services/tankless-water-heaters/,https://normanmechanicalinc.com/services/sewer-line-repair-and-replacement/,Sewer Line Repair and Replacement
https://normanmechanicalinc.com/services/tankless-water-heaters/,https://normanmechanicalinc.com/services/drain-cleaning/,Drain Cleaning
https://normanmechanicalinc.com/services/tankless-water-heaters/,https://normanmechanicalinc.com/services/water-line-repair-and-replacement/,Water Line Repair and Replacement
https://normanmechanicalinc.com/services/tankless-water-heaters/,https://normanmechanicalinc.com/services/sump-pump/,Sump Pump
https://normanmechanicalinc.com/services/tankless-water-heaters/,https://normanmechanicalinc.com/services/gas-line-repair-and-replacement/,Gas line repair and replacement
https://normanmechanicalinc.com/services/tankless-water-heaters/,https://normanmechanicalinc.com/services/new-construction/,New Construction
https://normanmechanicalinc.com/services/tankless-water-heaters/,https://normanmechanicalinc.com/services/sewer-camera-inspection/,Sewer Camera Inspection
https://normanmechanicalinc.com/services/tankless-water-heaters/,https://normanmechanicalinc.com/contact-us/,Contact Us
https://normanmechanicalinc.com/services/tankless-water-heaters/,https://normanmechanicalinc.com/,Home
https://normanmechanicalinc.com/services/tankless-water-heaters/,https://normanmechanicalinc.com/about-us/,About Us
https://normanmechanicalinc.com/services/tankless-water-heaters/,https://normanmechanicalinc.com/services/,Services
https://normanmechanicalinc.com/services/tankless-water-heaters/,https://normanmechanicalinc.com/services/emergency-service/,Emergency Service
https://normanmechanicalinc.com/services/tankless-water-heaters/,https://normanmechanicalinc.com/services/residential-plumbing/,Residential Plumbing
https://normanmechanicalinc.com/services/tankless-water-heaters/,https://normanmechanicalinc.com/services/commercial-plumbing/,Commercial Plumbing
https://normanmechanicalinc.com/services/tankless-water-heaters/,https://normanmechanicalinc.com/services/water-heaters/,Water Heaters
https://normanmechanicalinc.com/services/tankless-water-heaters/,https://normanmechanicalinc.com/services/tankless-water-heaters/,Tankless Water Heaters
https://normanmechanicalinc.com/services/tankless-water-heaters/,https://normanmechanicalinc.com/services/sewer-line-repair-and-replacement/,Sewer Line Repair and Replacement
https://normanmechanicalinc.com/services/tankless-water-heaters/,https://normanmechanicalinc.com/services/drain-cleaning/,Drain Cleaning
https://normanmechanicalinc.com/services/tankless-water-heaters/,https://normanmechanicalinc.com/services/water-line-repair-and-replacement/,Water Line Repair and Replacement
https://normanmechanicalinc.com/services/tankless-water-heaters/,https://normanmechanicalinc.com/services/sump-pump/,Sump Pump
https://normanmechanicalinc.com/services/tankless-water-heaters/,https://normanmechanicalinc.com/services/gas-line-repair-and-replacement/,Gas line repair and replacement
https://normanmechanicalinc.com/services/tankless-water-heaters/,https://normanmechanicalinc.com/services/new-construction/,New Construction
https://normanmechanicalinc.com/services/tankless-water-heaters/,https://normanmechanicalinc.com/services/sewer-camera-inspection/,Sewer Camera Inspection
https://normanmechanicalinc.com/services/tankless-water-heaters/,https://normanmechanicalinc.com/contact-us/,Contact Us
https://normanmechanicalinc.com/services/tankless-water-heaters/,https://normanmechanicalinc.com/contact-us/#form_submit,REQUEST A QUOTE
https://normanmechanicalinc.com/services/tankless-water-heaters/,https://normanmechanicalinc.com/,
https://normanmechanicalinc.com/services/tankless-water-heaters/,https://normanmechanicalinc.com/,Home
https://normanmechanicalinc.com/services/tankless-water-heaters/,https://normanmechanicalinc.com/about-us/,About Us
https://normanmechanicalinc.com/services/tankless-water-heaters/,https://normanmechanicalinc.com/services/,Services
https://normanmechanicalinc.com/services/tankless-water-heaters/,https://normanmechanicalinc.com/services/emergency-service/,Emergency Service
https://normanmechanicalinc.com/services/tankless-water-heaters/,https://normanmechanicalinc.com/services/residential-plumbing/,Residential Plumbing
https://normanmechanicalinc.com/services/tankless-water-heaters/,https://normanmechanicalinc.com/services/commercial-plumbing/,Commercial Plumbing
https://normanmechanicalinc.com/services/tankless-water-heaters/,https://normanmechanicalinc.com/services/water-heaters/,Water Heaters
https://normanmechanicalinc.com/services/tankless-water-heaters/,https://normanmechanicalinc.com/services/tankless-water-heaters/,Tankless Water Heaters
https://normanmechanicalinc.com/services/tankless-water-heaters/,https://normanmechanicalinc.com/services/sewer-line-repair-and-replacement/,Sewer Line Repair and Replacement
https://normanmechanicalinc.com/services/tankless-water-heaters/,https://normanmechanicalinc.com/services/drain-cleaning/,Drain Cleaning
https://normanmechanicalinc.com/services/tankless-water-heaters/,https://normanmechanicalinc.com/services/water-line-repair-and-replacement/,Water Line Repair and Replacement
https://normanmechanicalinc.com/services/tankless-water-heaters/,https://normanmechanicalinc.com/services/sump-pump/,Sump Pump
https://normanmechanicalinc.com/services/tankless-water-heaters/,https://normanmechanicalinc.com/services/gas-line-repair-and-replacement/,Gas line repair and replacement
https://normanmechanicalinc.com/services/tankless-water-heaters/,https://normanmechanicalinc.com/services/new-construction/,New Construction
https://normanmechanicalinc.com/services/tankless-water-heaters/,https://normanmechanicalinc.com/services/sewer-camera-inspection/,Sewer Camera Inspection
https://normanmechanicalinc.com/services/tankless-water-heaters/,https://normanmechanicalinc.com/contact-us/,Contact Us
https://normanmechanicalinc.com/services/tankless-water-heaters/,https://normanmechanicalinc.com/services/emergency-service/,Emergency Service
https://normanmechanicalinc.com/services/tankless-water-heaters/,https://normanmechanicalinc.com/services/residential-plumbing/,Residential Plumbing
https://normanmechanicalinc.com/services/tankless-water-heaters/,https://normanmechanicalinc.com/services/commercial-plumbing/,Commercial Plumbing
https://normanmechanicalinc.com/services/tankless-water-heaters/,https://normanmechanicalinc.com/services/water-heaters/,Water Heaters
https://normanmechanicalinc.com/services/tankless-water-heaters/,https://normanmechanicalinc.com/services/tankless-water-heaters/,Tankless Water Heaters
https://normanmechanicalinc.com/services/tankless-water-heaters/,https://normanmechanicalinc.com/services/sewer-line-repair-and-replacement/,Sewer Line Repair and Replacement
https://normanmechanicalinc.com/services/tankless-water-heaters/,https://normanmechanicalinc.com/services/drain-cleaning/,Drain Cleaning
https://normanmechanicalinc.com/services/tankless-water-heaters/,https://normanmechanicalinc.com/services/water-line-repair-and-replacement/,Water Line Repair and Replacement
https://normanmechanicalinc.com/services/tankless-water-heaters/,https://normanmechanicalinc.com/services/sump-pump/,Sump Pump
https://normanmechanicalinc.com/services/tankless-water-heaters/,https://normanmechanicalinc.com/services/gas-line-repair-and-replacement/,Gas line repair and replacement
https://normanmechanicalinc.com/services/tankless-water-heaters/,https://normanmechanicalinc.com/services/new-construction/,New Construction
https://normanmechanicalinc.com/services/tankless-water-heaters/,https://normanmechanicalinc.com/services/sewer-camera-inspection/,Sewer Camera Inspection
https://normanmechanicalinc.com/services/tankless-water-heaters/,https://normanmechanicalinc.com/contact-us/#form_submit,Request A Service
https://normanmechanicalinc.com/services/tankless-water-heaters/,https://normanmechanicalinc.com/,Home
https://normanmechanicalinc.com/services/tankless-water-heaters/,https://normanmechanicalinc.com/about-us/,About Us
https://normanmechanicalinc.com/services/tankless-water-heaters/,https://normanmechanicalinc.com/services/,Services
https://normanmechanicalinc.com/services/tankless-water-heaters/,https://normanmechanicalinc.com/contact-us/,Contact Us
https://normanmechanicalinc.com/services/tankless-water-heaters/,https://normanmechanicalinc.com/privacy-policy/,Privacy Policy
https://normanmechanicalinc.com/services/sump-pump/,https://normanmechanicalinc.com/services/sump-pump/#content,Skip to content
https://normanmechanicalinc.com/services/sump-pump/,https://normanmechanicalinc.com/,
https://normanmechanicalinc.com/services/sump-pump/,https://normanmechanicalinc.com/,Home
https://normanmechanicalinc.com/services/sump-pump/,https://normanmechanicalinc.com/about-us/,About Us
https://normanmechanicalinc.com/services/sump-pump/,https://normanmechanicalinc.com/services/,Services
https://normanmechanicalinc.com/services/sump-pump/,https://normanmechanicalinc.com/services/emergency-service/,Emergency Service
https://normanmechanicalinc.com/services/sump-pump/,https://normanmechanicalinc.com/services/residential-plumbing/,Residential Plumbing
https://normanmechanicalinc.com/services/sump-pump/,https://normanmechanicalinc.com/services/commercial-plumbing/,Commercial Plumbing
https://normanmechanicalinc.com/services/sump-pump/,https://normanmechanicalinc.com/services/water-heaters/,Water Heaters
https://normanmechanicalinc.com/services/sump-pump/,https://normanmechanicalinc.com/services/tankless-water-heaters/,Tankless Water Heaters
https://normanmechanicalinc.com/services/sump-pump/,https://normanmechanicalinc.com/services/sewer-line-repair-and-replacement/,Sewer Line Repair and Replacement
https://normanmechanicalinc.com/services/sump-pump/,https://normanmechanicalinc.com/services/drain-cleaning/,Drain Cleaning
https://normanmechanicalinc.com/services/sump-pump/,https://normanmechanicalinc.com/services/water-line-repair-and-replacement/,Water Line Repair and Replacement
https://normanmechanicalinc.com/services/sump-pump/,https://normanmechanicalinc.com/services/sump-pump/,Sump Pump
https://normanmechanicalinc.com/services/sump-pump/,https://normanmechanicalinc.com/services/gas-line-repair-and-replacement/,Gas line repair and replacement
https://normanmechanicalinc.com/services/sump-pump/,https://normanmechanicalinc.com/services/new-construction/,New Construction
https://normanmechanicalinc.com/services/sump-pump/,https://normanmechanicalinc.com/services/sewer-camera-inspection/,Sewer Camera Inspection
https://normanmechanicalinc.com/services/sump-pump/,https://normanmechanicalinc.com/contact-us/,Contact Us
https://normanmechanicalinc.com/services/sump-pump/,https://normanmechanicalinc.com/,Home
https://normanmechanicalinc.com/services/sump-pump/,https://normanmechanicalinc.com/about-us/,About Us
https://normanmechanicalinc.com/services/sump-pump/,https://normanmechanicalinc.com/services/,Services
https://normanmechanicalinc.com/services/sump-pump/,https://normanmechanicalinc.com/services/emergency-service/,Emergency Service
https://normanmechanicalinc.com/services/sump-pump/,https://normanmechanicalinc.com/services/residential-plumbing/,Residential Plumbing
https://normanmechanicalinc.com/services/sump-pump/,https://normanmechanicalinc.com/services/commercial-plumbing/,Commercial Plumbing
https://normanmechanicalinc.com/services/sump-pump/,https://normanmechanicalinc.com/services/water-heaters/,Water Heaters
https://normanmechanicalinc.com/services/sump-pump/,https://normanmechanicalinc.com/services/tankless-water-heaters/,Tankless Water Heaters
https://normanmechanicalinc.com/services/sump-pump/,https://normanmechanicalinc.com/services/sewer-line-repair-and-replacement/,Sewer Line Repair and Replacement
https://normanmechanicalinc.com/services/sump-pump/,https://normanmechanicalinc.com/services/drain-cleaning/,Drain Cleaning
https://normanmechanicalinc.com/services/sump-pump/,https://normanmechanicalinc.com/services/water-line-repair-and-replacement/,Water Line Repair and Replacement
https://normanmechanicalinc.com/services/sump-pump/,https://normanmechanicalinc.com/services/sump-pump/,Sump Pump
https://normanmechanicalinc.com/services/sump-pump/,https://normanmechanicalinc.com/services/gas-line-repair-and-replacement/,Gas line repair and replacement
https://normanmechanicalinc.com/services/sump-pump/,https://normanmechanicalinc.com/services/new-construction/,New Construction
https://normanmechanicalinc.com/services/sump-pump/,https://normanmechanicalinc.com/services/sewer-camera-inspection/,Sewer Camera Inspection
https://normanmechanicalinc.com/services/sump-pump/,https://normanmechanicalinc.com/contact-us/,Contact Us
https://normanmechanicalinc.com/services/sump-pump/,https://normanmechanicalinc.com/contact-us/#form_submit,REQUEST A QUOTE
https://normanmechanicalinc.com/services/sump-pump/,https://normanmechanicalinc.com/,
https://normanmechanicalinc.com/services/sump-pump/,https://normanmechanicalinc.com/,Home
https://normanmechanicalinc.com/services/sump-pump/,https://normanmechanicalinc.com/about-us/,About Us
https://normanmechanicalinc.com/services/sump-pump/,https://normanmechanicalinc.com/services/,Services
https://normanmechanicalinc.com/services/sump-pump/,https://normanmechanicalinc.com/services/emergency-service/,Emergency Service
https://normanmechanicalinc.com/services/sump-pump/,https://normanmechanicalinc.com/services/residential-plumbing/,Residential Plumbing
https://normanmechanicalinc.com/services/sump-pump/,https://normanmechanicalinc.com/services/commercial-plumbing/,Commercial Plumbing
https://normanmechanicalinc.com/services/sump-pump/,https://normanmechanicalinc.com/services/water-heaters/,Water Heaters
https://normanmechanicalinc.com/services/sump-pump/,https://normanmechanicalinc.com/services/tankless-water-heaters/,Tankless Water Heaters
https://normanmechanicalinc.com/services/sump-pump/,https://normanmechanicalinc.com/services/sewer-line-repair-and-replacement/,Sewer Line Repair and Replacement
https://normanmechanicalinc.com/services/sump-pump/,https://normanmechanicalinc.com/services/drain-cleaning/,Drain Cleaning
https://normanmechanicalinc.com/services/sump-pump/,https://normanmechanicalinc.com/services/water-line-repair-and-replacement/,Water Line Repair and Replacement
https://normanmechanicalinc.com/services/sump-pump/,https://normanmechanicalinc.com/services/sump-pump/,Sump Pump
https://normanmechanicalinc.com/services/sump-pump/,https://normanmechanicalinc.com/services/gas-line-repair-and-replacement/,Gas line repair and replacement
https://normanmechanicalinc.com/services/sump-pump/,https://normanmechanicalinc.com/services/new-construction/,New Construction
https://normanmechanicalinc.com/services/sump-pump/,https://normanmechanicalinc.com/services/sewer-camera-inspection/,Sewer Camera Inspection
https://normanmechanicalinc.com/services/sump-pump/,https://normanmechanicalinc.com/contact-us/,Contact Us
https://normanmechanicalinc.com/services/sump-pump/,https://normanmechanicalinc.com/services/emergency-service/,Emergency Service
https://normanmechanicalinc.com/services/sump-pump/,https://normanmechanicalinc.com/services/residential-plumbing/,Residential Plumbing
https://normanmechanicalinc.com/services/sump-pump/,https://normanmechanicalinc.com/services/commercial-plumbing/,Commercial Plumbing
https://normanmechanicalinc.com/services/sump-pump/,https://normanmechanicalinc.com/services/water-heaters/,Water Heaters
https://normanmechanicalinc.com/services/sump-pump/,https://normanmechanicalinc.com/services/tankless-water-heaters/,Tankless Water Heaters
https://normanmechanicalinc.com/services/sump-pump/,https://normanmechanicalinc.com/services/sewer-line-repair-and-replacement/,Sewer Line Repair and Replacement
https://normanmechanicalinc.com/services/sump-pump/,https://normanmechanicalinc.com/services/drain-cleaning/,Drain Cleaning
https://normanmechanicalinc.com/services/sump-pump/,https://normanmechanicalinc.com/services/water-line-repair-and-replacement/,Water Line Repair and Replacement
https://normanmechanicalinc.com/services/sump-pump/,https://normanmechanicalinc.com/services/sump-pump/,Sump Pump
https://normanmechanicalinc.com/services/sump-pump/,https://normanmechanicalinc.com/services/gas-line-repair-and-replacement/,Gas line repair and replacement
https://normanmechanicalinc.com/services/sump-pump/,https://normanmechanicalinc.com/services/new-construction/,New Construction
https://normanmechanicalinc.com/services/sump-pump/,https://normanmechanicalinc.com/services/sewer-camera-inspection/,Sewer Camera Inspection
https://normanmechanicalinc.com/services/sump-pump/,https://normanmechanicalinc.com/contact-us/#form_submit,Get a Quote
https://normanmechanicalinc.com/services/sump-pump/,https://normanmechanicalinc.com/contact-us/#form_submit,Request A Service
https://normanmechanicalinc.com/services/sump-pump/,https://normanmechanicalinc.com/,Home
https://normanmechanicalinc.com/services/sump-pump/,https://normanmechanicalinc.com/about-us/,About Us
https://normanmechanicalinc.com/services/sump-pump/,https://normanmechanicalinc.com/services/,Services
https://normanmechanicalinc.com/services/sump-pump/,https://normanmechanicalinc.com/contact-us/,Contact Us
https://normanmechanicalinc.com/services/sump-pump/,https://normanmechanicalinc.com/privacy-policy/,Privacy Policy
https://normanmechanicalinc.com/services/sewer-line-repair-and-replacement/,https://normanmechanicalinc.com/services/sewer-line-repair-and-replacement/#content,Skip to content
https://normanmechanicalinc.com/services/sewer-line-repair-and-replacement/,https://normanmechanicalinc.com/,
https://normanmechanicalinc.com/services/sewer-line-repair-and-replacement/,https://normanmechanicalinc.com/,Home
https://normanmechanicalinc.com/services/sewer-line-repair-and-replacement/,https://normanmechanicalinc.com/about-us/,About Us
https://normanmechanicalinc.com/services/sewer-line-repair-and-replacement/,https://normanmechanicalinc.com/services/,Services
https://normanmechanicalinc.com/services/sewer-line-repair-and-replacement/,https://normanmechanicalinc.com/services/emergency-service/,Emergency Service
https://normanmechanicalinc.com/services/sewer-line-repair-and-replacement/,https://normanmechanicalinc.com/services/residential-plumbing/,Residential Plumbing
https://normanmechanicalinc.com/services/sewer-line-repair-and-replacement/,https://normanmechanicalinc.com/services/commercial-plumbing/,Commercial Plumbing
https://normanmechanicalinc.com/services/sewer-line-repair-and-replacement/,https://normanmechanicalinc.com/services/water-heaters/,Water Heaters
https://normanmechanicalinc.com/services/sewer-line-repair-and-replacement/,https://normanmechanicalinc.com/services/tankless-water-heaters/,Tankless Water Heaters
https://normanmechanicalinc.com/services/sewer-line-repair-and-replacement/,https://normanmechanicalinc.com/services/sewer-line-repair-and-replacement/,Sewer Line Repair and Replacement
https://normanmechanicalinc.com/services/sewer-line-repair-and-replacement/,https://normanmechanicalinc.com/services/drain-cleaning/,Drain Cleaning
https://normanmechanicalinc.com/services/sewer-line-repair-and-replacement/,https://normanmechanicalinc.com/services/water-line-repair-and-replacement/,Water Line Repair and Replacement
https://normanmechanicalinc.com/services/sewer-line-repair-and-replacement/,https://normanmechanicalinc.com/services/sump-pump/,Sump Pump
https://normanmechanicalinc.com/services/sewer-line-repair-and-replacement/,https://normanmechanicalinc.com/services/gas-line-repair-and-replacement/,Gas line repair and replacement
https://normanmechanicalinc.com/services/sewer-line-repair-and-replacement/,https://normanmechanicalinc.com/services/new-construction/,New Construction
https://normanmechanicalinc.com/services/sewer-line-repair-and-replacement/,https://normanmechanicalinc.com/services/sewer-camera-inspection/,Sewer Camera Inspection
https://normanmechanicalinc.com/services/sewer-line-repair-and-replacement/,https://normanmechanicalinc.com/contact-us/,Contact Us
https://normanmechanicalinc.com/services/sewer-line-repair-and-replacement/,https://normanmechanicalinc.com/,Home
https://normanmechanicalinc.com/services/sewer-line-repair-and-replacement/,https://normanmechanicalinc.com/about-us/,About Us
https://normanmechanicalinc.com/services/sewer-line-repair-and-replacement/,https://normanmechanicalinc.com/services/,Services
https://normanmechanicalinc.com/services/sewer-line-repair-and-replacement/,https://normanmechanicalinc.com/services/emergency-service/,Emergency Service
https://normanmechanicalinc.com/services/sewer-line-repair-and-replacement/,https://normanmechanicalinc.com/services/residential-plumbing/,Residential Plumbing
https://normanmechanicalinc.com/services/sewer-line-repair-and-replacement/,https://normanmechanicalinc.com/services/commercial-plumbing/,Commercial Plumbing
https://normanmechanicalinc.com/services/sewer-line-repair-and-replacement/,https://normanmechanicalinc.com/services/water-heaters/,Water Heaters
https://normanmechanicalinc.com/services/sewer-line-repair-and-replacement/,https://normanmechanicalinc.com/services/tankless-water-heaters/,Tankless Water Heaters
https://normanmechanicalinc.com/services/sewer-line-repair-and-replacement/,https://normanmechanicalinc.com/services/sewer-line-repair-and-replacement/,Sewer Line Repair and Replacement
https://normanmechanicalinc.com/services/sewer-line-repair-and-replacement/,https://normanmechanicalinc.com/services/drain-cleaning/,Drain Cleaning
https://normanmechanicalinc.com/services/sewer-line-repair-and-replacement/,https://normanmechanicalinc.com/services/water-line-repair-and-replacement/,Water Line Repair and Replacement
https://normanmechanicalinc.com/services/sewer-line-repair-and-replacement/,https://normanmechanicalinc.com/services/sump-pump/,Sump Pump
https://normanmechanicalinc.com/services/sewer-line-repair-and-replacement/,https://normanmechanicalinc.com/services/gas-line-repair-and-replacement/,Gas line repair and replacement
https://normanmechanicalinc.com/services/sewer-line-repair-and-replacement/,https://normanmechanicalinc.com/services/new-construction/,New Construction
https://normanmechanicalinc.com/services/sewer-line-repair-and-replacement/,https://normanmechanicalinc.com/services/sewer-camera-inspection/,Sewer Camera Inspection
https://normanmechanicalinc.com/services/sewer-line-repair-and-replacement/,https://normanmechanicalinc.com/contact-us/,Contact Us
https://normanmechanicalinc.com/services/sewer-line-repair-and-replacement/,https://normanmechanicalinc.com/contact-us/#form_submit,REQUEST A QUOTE
https://normanmechanicalinc.com/services/sewer-line-repair-and-replacement/,https://normanmechanicalinc.com/,
https://normanmechanicalinc.com/services/sewer-line-repair-and-replacement/,https://normanmechanicalinc.com/,Home
https://normanmechanicalinc.com/services/sewer-line-repair-and-replacement/,https://normanmechanicalinc.com/about-us/,About Us
https://normanmechanicalinc.com/services/sewer-line-repair-and-replacement/,https://normanmechanicalinc.com/services/,Services
https://normanmechanicalinc.com/services/sewer-line-repair-and-replacement/,https://normanmechanicalinc.com/services/emergency-service/,Emergency Service
https://normanmechanicalinc.com/services/sewer-line-repair-and-replacement/,https://normanmechanicalinc.com/services/residential-plumbing/,Residential Plumbing
https://normanmechanicalinc.com/services/sewer-line-repair-and-replacement/,https://normanmechanicalinc.com/services/commercial-plumbing/,Commercial Plumbing
https://normanmechanicalinc.com/services/sewer-line-repair-and-replacement/,https://normanmechanicalinc.com/services/water-heaters/,Water Heaters
https://normanmechanicalinc.com/services/sewer-line-repair-and-replacement/,https://normanmechanicalinc.com/services/tankless-water-heaters/,Tankless Water Heaters
https://normanmechanicalinc.com/services/sewer-line-repair-and-replacement/,https://normanmechanicalinc.com/services/sewer-line-repair-and-replacement/,Sewer Line Repair and Replacement
https://normanmechanicalinc.com/services/sewer-line-repair-and-replacement/,https://normanmechanicalinc.com/services/drain-cleaning/,Drain Cleaning
https://normanmechanicalinc.com/services/sewer-line-repair-and-replacement/,https://normanmechanicalinc.com/services/water-line-repair-and-replacement/,Water Line Repair and Replacement
https://normanmechanicalinc.com/services/sewer-line-repair-and-replacement/,https://normanmechanicalinc.com/services/sump-pump/,Sump Pump
https://normanmechanicalinc.com/services/sewer-line-repair-and-replacement/,https://normanmechanicalinc.com/services/gas-line-repair-and-replacement/,Gas line repair and replacement
https://normanmechanicalinc.com/services/sewer-line-repair-and-replacement/,https://normanmechanicalinc.com/services/new-construction/,New Construction
https://normanmechanicalinc.com/services/sewer-line-repair-and-replacement/,https://normanmechanicalinc.com/services/sewer-camera-inspection/,Sewer Camera Inspection
https://normanmechanicalinc.com/services/sewer-line-repair-and-replacement/,https://normanmechanicalinc.com/contact-us/,Contact Us
https://normanmechanicalinc.com/services/sewer-line-repair-and-replacement/,https://normanmechanicalinc.com/services/emergency-service/,Emergency Service
https://normanmechanicalinc.com/services/sewer-line-repair-and-replacement/,https://normanmechanicalinc.com/services/residential-plumbing/,Residential Plumbing
https://normanmechanicalinc.com/services/sewer-line-repair-and-replacement/,https://normanmechanicalinc.com/services/commercial-plumbing/,Commercial Plumbing
https://normanmechanicalinc.com/services/sewer-line-repair-and-replacement/,https://normanmechanicalinc.com/services/water-heaters/,Water Heaters
https://normanmechanicalinc.com/services/sewer-line-repair-and-replacement/,https://normanmechanicalinc.com/services/tankless-water-heaters/,Tankless Water Heaters
https://normanmechanicalinc.com/services/sewer-line-repair-and-replacement/,https://normanmechanicalinc.com/services/sewer-line-repair-and-replacement/,Sewer Line Repair and Replacement
https://normanmechanicalinc.com/services/sewer-line-repair-and-replacement/,https://normanmechanicalinc.com/services/drain-cleaning/,Drain Cleaning
https://normanmechanicalinc.com/services/sewer-line-repair-and-replacement/,https://normanmechanicalinc.com/services/water-line-repair-and-replacement/,Water Line Repair and Replacement
https://normanmechanicalinc.com/services/sewer-line-repair-and-replacement/,https://normanmechanicalinc.com/services/sump-pump/,Sump Pump
https://normanmechanicalinc.com/services/sewer-line-repair-and-replacement/,https://normanmechanicalinc.com/services/gas-line-repair-and-replacement/,Gas line repair and replacement
https://normanmechanicalinc.com/services/sewer-line-repair-and-replacement/,https://normanmechanicalinc.com/services/new-construction/,New Construction
https://normanmechanicalinc.com/services/sewer-line-repair-and-replacement/,https://normanmechanicalinc.com/services/sewer-camera-inspection/,Sewer Camera Inspection
https://normanmechanicalinc.com/services/sewer-line-repair-and-replacement/,https://normanmechanicalinc.com/contact-us/#form_submit,Get a Quote
https://normanmechanicalinc.com/services/sewer-line-repair-and-replacement/,https://normanmechanicalinc.com/contact-us/#form_submit,Request A Service
https://normanmechanicalinc.com/services/sewer-line-repair-and-replacement/,https://normanmechanicalinc.com/,Home
https://normanmechanicalinc.com/services/sewer-line-repair-and-replacement/,https://normanmechanicalinc.com/about-us/,About Us
https://normanmechanicalinc.com/services/sewer-line-repair-and-replacement/,https://normanmechanicalinc.com/services/,Services
https://normanmechanicalinc.com/services/sewer-line-repair-and-replacement/,https://normanmechanicalinc.com/contact-us/,Contact Us
https://normanmechanicalinc.com/services/sewer-line-repair-and-replacement/,https://normanmechanicalinc.com/privacy-policy/,Privacy Policy
https://normanmechanicalinc.com/services/sewer-camera-inspection/,https://normanmechanicalinc.com/services/sewer-camera-inspection/#content,Skip to content
https://normanmechanicalinc.com/services/sewer-camera-inspection/,https://normanmechanicalinc.com/,
https://normanmechanicalinc.com/services/sewer-camera-inspection/,https://normanmechanicalinc.com/,Home
https://normanmechanicalinc.com/services/sewer-camera-inspection/,https://normanmechanicalinc.com/about-us/,About Us
https://normanmechanicalinc.com/services/sewer-camera-inspection/,https://normanmechanicalinc.com/services/,Services
https://normanmechanicalinc.com/services/sewer-camera-inspection/,https://normanmechanicalinc.com/services/emergency-service/,Emergency Service
https://normanmechanicalinc.com/services/sewer-camera-inspection/,https://normanmechanicalinc.com/services/residential-plumbing/,Residential Plumbing
https://normanmechanicalinc.com/services/sewer-camera-inspection/,https://normanmechanicalinc.com/services/commercial-plumbing/,Commercial Plumbing
https://normanmechanicalinc.com/services/sewer-camera-inspection/,https://normanmechanicalinc.com/services/water-heaters/,Water Heaters
https://normanmechanicalinc.com/services/sewer-camera-inspection/,https://normanmechanicalinc.com/services/tankless-water-heaters/,Tankless Water Heaters
https://normanmechanicalinc.com/services/sewer-camera-inspection/,https://normanmechanicalinc.com/services/sewer-line-repair-and-replacement/,Sewer Line Repair and Replacement
https://normanmechanicalinc.com/services/sewer-camera-inspection/,https://normanmechanicalinc.com/services/drain-cleaning/,Drain Cleaning
https://normanmechanicalinc.com/services/sewer-camera-inspection/,https://normanmechanicalinc.com/services/water-line-repair-and-replacement/,Water Line Repair and Replacement
https://normanmechanicalinc.com/services/sewer-camera-inspection/,https://normanmechanicalinc.com/services/sump-pump/,Sump Pump
https://normanmechanicalinc.com/services/sewer-camera-inspection/,https://normanmechanicalinc.com/services/gas-line-repair-and-replacement/,Gas line repair and replacement
https://normanmechanicalinc.com/services/sewer-camera-inspection/,https://normanmechanicalinc.com/services/new-construction/,New Construction
https://normanmechanicalinc.com/services/sewer-camera-inspection/,https://normanmechanicalinc.com/services/sewer-camera-inspection/,Sewer Camera Inspection
https://normanmechanicalinc.com/services/sewer-camera-inspection/,https://normanmechanicalinc.com/contact-us/,Contact Us
https://normanmechanicalinc.com/services/sewer-camera-inspection/,https://normanmechanicalinc.com/,Home
https://normanmechanicalinc.com/services/sewer-camera-inspection/,https://normanmechanicalinc.com/about-us/,About Us
https://normanmechanicalinc.com/services/sewer-camera-inspection/,https://normanmechanicalinc.com/services/,Services
https://normanmechanicalinc.com/services/sewer-camera-inspection/,https://normanmechanicalinc.com/services/emergency-service/,Emergency Service
https://normanmechanicalinc.com/services/sewer-camera-inspection/,https://normanmechanicalinc.com/services/residential-plumbing/,Residential Plumbing
https://normanmechanicalinc.com/services/sewer-camera-inspection/,https://normanmechanicalinc.com/services/commercial-plumbing/,Commercial Plumbing
https://normanmechanicalinc.com/services/sewer-camera-inspection/,https://normanmechanicalinc.com/services/water-heaters/,Water Heaters
https://normanmechanicalinc.com/services/sewer-camera-inspection/,https://normanmechanicalinc.com/services/tankless-water-heaters/,Tankless Water Heaters
https://normanmechanicalinc.com/services/sewer-camera-inspection/,https://normanmechanicalinc.com/services/sewer-line-repair-and-replacement/,Sewer Line Repair and Replacement
https://normanmechanicalinc.com/services/sewer-camera-inspection/,https://normanmechanicalinc.com/services/drain-cleaning/,Drain Cleaning
https://normanmechanicalinc.com/services/sewer-camera-inspection/,https://normanmechanicalinc.com/services/water-line-repair-and-replacement/,Water Line Repair and Replacement
https://normanmechanicalinc.com/services/sewer-camera-inspection/,https://normanmechanicalinc.com/services/sump-pump/,Sump Pump
https://normanmechanicalinc.com/services/sewer-camera-inspection/,https://normanmechanicalinc.com/services/gas-line-repair-and-replacement/,Gas line repair and replacement
https://normanmechanicalinc.com/services/sewer-camera-inspection/,https://normanmechanicalinc.com/services/new-construction/,New Construction
https://normanmechanicalinc.com/services/sewer-camera-inspection/,https://normanmechanicalinc.com/services/sewer-camera-inspection/,Sewer Camera Inspection
https://normanmechanicalinc.com/services/sewer-camera-inspection/,https://normanmechanicalinc.com/contact-us/,Contact Us
https://normanmechanicalinc.com/services/sewer-camera-inspection/,https://normanmechanicalinc.com/contact-us/#form_submit,REQUEST A QUOTE
https://normanmechanicalinc.com/services/sewer-camera-inspection/,https://normanmechanicalinc.com/,
https://normanmechanicalinc.com/services/sewer-camera-inspection/,https://normanmechanicalinc.com/,Home
https://normanmechanicalinc.com/services/sewer-camera-inspection/,https://normanmechanicalinc.com/about-us/,About Us
https://normanmechanicalinc.com/services/sewer-camera-inspection/,https://normanmechanicalinc.com/services/,Services
https://normanmechanicalinc.com/services/sewer-camera-inspection/,https://normanmechanicalinc.com/services/emergency-service/,Emergency Service
https://normanmechanicalinc.com/services/sewer-camera-inspection/,https://normanmechanicalinc.com/services/residential-plumbing/,Residential Plumbing
https://normanmechanicalinc.com/services/sewer-camera-inspection/,https://normanmechanicalinc.com/services/commercial-plumbing/,Commercial Plumbing
https://normanmechanicalinc.com/services/sewer-camera-inspection/,https://normanmechanicalinc.com/services/water-heaters/,Water Heaters
https://normanmechanicalinc.com/services/sewer-camera-inspection/,https://normanmechanicalinc.com/services/tankless-water-heaters/,Tankless Water Heaters
https://normanmechanicalinc.com/services/sewer-camera-inspection/,https://normanmechanicalinc.com/services/sewer-line-repair-and-replacement/,Sewer Line Repair and Replacement
https://normanmechanicalinc.com/services/sewer-camera-inspection/,https://normanmechanicalinc.com/services/drain-cleaning/,Drain Cleaning
https://normanmechanicalinc.com/services/sewer-camera-inspection/,https://normanmechanicalinc.com/services/water-line-repair-and-replacement/,Water Line Repair and Replacement
https://normanmechanicalinc.com/services/sewer-camera-inspection/,https://normanmechanicalinc.com/services/sump-pump/,Sump Pump
https://normanmechanicalinc.com/services/sewer-camera-inspection/,https://normanmechanicalinc.com/services/gas-line-repair-and-replacement/,Gas line repair and replacement
https://normanmechanicalinc.com/services/sewer-camera-inspection/,https://normanmechanicalinc.com/services/new-construction/,New Construction
https://normanmechanicalinc.com/services/sewer-camera-inspection/,https://normanmechanicalinc.com/services/sewer-camera-inspection/,Sewer Camera Inspection
https://normanmechanicalinc.com/services/sewer-camera-inspection/,https://normanmechanicalinc.com/contact-us/,Contact Us
https://normanmechanicalinc.com/services/sewer-camera-inspection/,https://normanmechanicalinc.com/services/emergency-service/,Emergency Service
https://normanmechanicalinc.com/services/sewer-camera-inspection/,https://normanmechanicalinc.com/services/residential-plumbing/,Residential Plumbing
https://normanmechanicalinc.com/services/sewer-camera-inspection/,https://normanmechanicalinc.com/services/commercial-plumbing/,Commercial Plumbing
https://normanmechanicalinc.com/services/sewer-camera-inspection/,https://normanmechanicalinc.com/services/water-heaters/,Water Heaters
https://normanmechanicalinc.com/services/sewer-camera-inspection/,https://normanmechanicalinc.com/services/tankless-water-heaters/,Tankless Water Heaters
https://normanmechanicalinc.com/services/sewer-camera-inspection/,https://normanmechanicalinc.com/services/sewer-line-repair-and-replacement/,Sewer Line Repair and Replacement
https://normanmechanicalinc.com/services/sewer-camera-inspection/,https://normanmechanicalinc.com/services/drain-cleaning/,Drain Cleaning
https://normanmechanicalinc.com/services/sewer-camera-inspection/,https://normanmechanicalinc.com/services/water-line-repair-and-replacement/,Water Line Repair and Replacement
https://normanmechanicalinc.com/services/sewer-camera-inspection/,https://normanmechanicalinc.com/services/sump-pump/,Sump Pump
https://normanmechanicalinc.com/services/sewer-camera-inspection/,https://normanmechanicalinc.com/services/gas-line-repair-and-replacement/,Gas line repair and replacement
https://normanmechanicalinc.com/services/sewer-camera-inspection/,https://normanmechanicalinc.com/services/new-construction/,New Construction
https://normanmechanicalinc.com/services/sewer-camera-inspection/,https://normanmechanicalinc.com/services/sewer-camera-inspection/,Sewer Camera Inspection
https://normanmechanicalinc.com/services/sewer-camera-inspection/,https://normanmechanicalinc.com/contact-us/#form_submit,Get a Quote
https://normanmechanicalinc.com/services/sewer-camera-inspection/,https://normanmechanicalinc.com/contact-us/#form_submit,Request A Service
https://normanmechanicalinc.com/services/sewer-camera-inspection/,https://normanmechanicalinc.com/,Home
https://normanmechanicalinc.com/services/sewer-camera-inspection/,https://normanmechanicalinc.com/about-us/,About Us
https://normanmechanicalinc.com/services/sewer-camera-inspection/,https://normanmechanicalinc.com/services/,Services
https://normanmechanicalinc.com/services/sewer-camera-inspection/,https://normanmechanicalinc.com/contact-us/,Contact Us
https://normanmechanicalinc.com/services/sewer-camera-inspection/,https://normanmechanicalinc.com/privacy-policy/,Privacy Policy
https://normanmechanicalinc.com/services/residential-plumbing/,https://normanmechanicalinc.com/services/residential-plumbing/#content,Skip to content
https://normanmechanicalinc.com/services/residential-plumbing/,https://normanmechanicalinc.com/,
https://normanmechanicalinc.com/services/residential-plumbing/,https://normanmechanicalinc.com/,Home
https://normanmechanicalinc.com/services/residential-plumbing/,https://normanmechanicalinc.com/about-us/,About Us
https://normanmechanicalinc.com/services/residential-plumbing/,https://normanmechanicalinc.com/services/,Services
https://normanmechanicalinc.com/services/residential-plumbing/,https://normanmechanicalinc.com/services/emergency-service/,Emergency Service
https://normanmechanicalinc.com/services/residential-plumbing/,https://normanmechanicalinc.com/services/residential-plumbing/,Residential Plumbing
https://normanmechanicalinc.com/services/residential-plumbing/,https://normanmechanicalinc.com/services/commercial-plumbing/,Commercial Plumbing
https://normanmechanicalinc.com/services/residential-plumbing/,https://normanmechanicalinc.com/services/water-heaters/,Water Heaters
https://normanmechanicalinc.com/services/residential-plumbing/,https://normanmechanicalinc.com/services/tankless-water-heaters/,Tankless Water Heaters
https://normanmechanicalinc.com/services/residential-plumbing/,https://normanmechanicalinc.com/services/sewer-line-repair-and-replacement/,Sewer Line Repair and Replacement
https://normanmechanicalinc.com/services/residential-plumbing/,https://normanmechanicalinc.com/services/drain-cleaning/,Drain Cleaning
https://normanmechanicalinc.com/services/residential-plumbing/,https://normanmechanicalinc.com/services/water-line-repair-and-replacement/,Water Line Repair and Replacement
https://normanmechanicalinc.com/services/residential-plumbing/,https://normanmechanicalinc.com/services/sump-pump/,Sump Pump
https://normanmechanicalinc.com/services/residential-plumbing/,https://normanmechanicalinc.com/services/gas-line-repair-and-replacement/,Gas line repair and replacement
https://normanmechanicalinc.com/services/residential-plumbing/,https://normanmechanicalinc.com/services/new-construction/,New Construction
https://normanmechanicalinc.com/services/residential-plumbing/,https://normanmechanicalinc.com/services/sewer-camera-inspection/,Sewer Camera Inspection
https://normanmechanicalinc.com/services/residential-plumbing/,https://normanmechanicalinc.com/contact-us/,Contact Us
https://normanmechanicalinc.com/services/residential-plumbing/,https://normanmechanicalinc.com/,Home
https://normanmechanicalinc.com/services/residential-plumbing/,https://normanmechanicalinc.com/about-us/,About Us
https://normanmechanicalinc.com/services/residential-plumbing/,https://normanmechanicalinc.com/services/,Services
https://normanmechanicalinc.com/services/residential-plumbing/,https://normanmechanicalinc.com/services/emergency-service/,Emergency Service
https://normanmechanicalinc.com/services/residential-plumbing/,https://normanmechanicalinc.com/services/residential-plumbing/,Residential Plumbing
https://normanmechanicalinc.com/services/residential-plumbing/,https://normanmechanicalinc.com/services/commercial-plumbing/,Commercial Plumbing
https://normanmechanicalinc.com/services/residential-plumbing/,https://normanmechanicalinc.com/services/water-heaters/,Water Heaters
https://normanmechanicalinc.com/services/residential-plumbing/,https://normanmechanicalinc.com/services/tankless-water-heaters/,Tankless Water Heaters
https://normanmechanicalinc.com/services/residential-plumbing/,https://normanmechanicalinc.com/services/sewer-line-repair-and-replacement/,Sewer Line Repair and Replacement
https://normanmechanicalinc.com/services/residential-plumbing/,https://normanmechanicalinc.com/services/drain-cleaning/,Drain Cleaning
https://normanmechanicalinc.com/services/residential-plumbing/,https://normanmechanicalinc.com/services/water-line-repair-and-replacement/,Water Line Repair and Replacement
https://normanmechanicalinc.com/services/residential-plumbing/,https://normanmechanicalinc.com/services/sump-pump/,Sump Pump
https://normanmechanicalinc.com/services/residential-plumbing/,https://normanmechanicalinc.com/services/gas-line-repair-and-replacement/,Gas line repair and replacement
https://normanmechanicalinc.com/services/residential-plumbing/,https://normanmechanicalinc.com/services/new-construction/,New Construction
https://normanmechanicalinc.com/services/residential-plumbing/,https://normanmechanicalinc.com/services/sewer-camera-inspection/,Sewer Camera Inspection
https://normanmechanicalinc.com/services/residential-plumbing/,https://normanmechanicalinc.com/contact-us/,Contact Us
https://normanmechanicalinc.com/services/residential-plumbing/,https://normanmechanicalinc.com/contact-us/#form_submit,REQUEST A QUOTE
https://normanmechanicalinc.com/services/residential-plumbing/,https://normanmechanicalinc.com/,
https://normanmechanicalinc.com/services/residential-plumbing/,https://normanmechanicalinc.com/,Home
https://normanmechanicalinc.com/services/residential-plumbing/,https://normanmechanicalinc.com/about-us/,About Us
https://normanmechanicalinc.com/services/residential-plumbing/,https://normanmechanicalinc.com/services/,Services
https://normanmechanicalinc.com/services/residential-plumbing/,https://normanmechanicalinc.com/services/emergency-service/,Emergency Service
https://normanmechanicalinc.com/services/residential-plumbing/,https://normanmechanicalinc.com/services/residential-plumbing/,Residential Plumbing
https://normanmechanicalinc.com/services/residential-plumbing/,https://normanmechanicalinc.com/services/commercial-plumbing/,Commercial Plumbing
https://normanmechanicalinc.com/services/residential-plumbing/,https://normanmechanicalinc.com/services/water-heaters/,Water Heaters
https://normanmechanicalinc.com/services/residential-plumbing/,https://normanmechanicalinc.com/services/tankless-water-heaters/,Tankless Water Heaters
https://normanmechanicalinc.com/services/residential-plumbing/,https://normanmechanicalinc.com/services/sewer-line-repair-and-replacement/,Sewer Line Repair and Replacement
https://normanmechanicalinc.com/services/residential-plumbing/,https://normanmechanicalinc.com/services/drain-cleaning/,Drain Cleaning
https://normanmechanicalinc.com/services/residential-plumbing/,https://normanmechanicalinc.com/services/water-line-repair-and-replacement/,Water Line Repair and Replacement
https://normanmechanicalinc.com/services/residential-plumbing/,https://normanmechanicalinc.com/services/sump-pump/,Sump Pump
https://normanmechanicalinc.com/services/residential-plumbing/,https://normanmechanicalinc.com/services/gas-line-repair-and-replacement/,Gas line repair and replacement
https://normanmechanicalinc.com/services/residential-plumbing/,https://normanmechanicalinc.com/services/new-construction/,New Construction
https://normanmechanicalinc.com/services/residential-plumbing/,https://normanmechanicalinc.com/services/sewer-camera-inspection/,Sewer Camera Inspection
https://normanmechanicalinc.com/services/residential-plumbing/,https://normanmechanicalinc.com/contact-us/,Contact Us
https://normanmechanicalinc.com/services/residential-plumbing/,https://normanmechanicalinc.com/services/emergency-service/,Emergency Service
https://normanmechanicalinc.com/services/residential-plumbing/,https://normanmechanicalinc.com/services/residential-plumbing/,Residential Plumbing
https://normanmechanicalinc.com/services/residential-plumbing/,https://normanmechanicalinc.com/services/commercial-plumbing/,Commercial Plumbing
https://normanmechanicalinc.com/services/residential-plumbing/,https://normanmechanicalinc.com/services/water-heaters/,Water Heaters
https://normanmechanicalinc.com/services/residential-plumbing/,https://normanmechanicalinc.com/services/tankless-water-heaters/,Tankless Water Heaters
https://normanmechanicalinc.com/services/residential-plumbing/,https://normanmechanicalinc.com/services/sewer-line-repair-and-replacement/,Sewer Line Repair and Replacement
https://normanmechanicalinc.com/services/residential-plumbing/,https://normanmechanicalinc.com/services/drain-cleaning/,Drain Cleaning
https://normanmechanicalinc.com/services/residential-plumbing/,https://normanmechanicalinc.com/services/water-line-repair-and-replacement/,Water Line Repair and Replacement
https://normanmechanicalinc.com/services/residential-plumbing/,https://normanmechanicalinc.com/services/sump-pump/,Sump Pump
https://normanmechanicalinc.com/services/residential-plumbing/,https://normanmechanicalinc.com/services/gas-line-repair-and-replacement/,Gas line repair and replacement
https://normanmechanicalinc.com/services/residential-plumbing/,https://normanmechanicalinc.com/services/new-construction/,New Construction
https://normanmechanicalinc.com/services/residential-plumbing/,https://normanmechanicalinc.com/services/sewer-camera-inspection/,Sewer Camera Inspection
https://normanmechanicalinc.com/services/residential-plumbing/,https://normanmechanicalinc.com/contact-us/#form_submit,Get a Quote
https://normanmechanicalinc.com/services/residential-plumbing/,https://normanmechanicalinc.com/contact-us/#form_submit,Request A Service
https://normanmechanicalinc.com/services/residential-plumbing/,https://normanmechanicalinc.com/,Home
https://normanmechanicalinc.com/services/residential-plumbing/,https://normanmechanicalinc.com/about-us/,About Us
https://normanmechanicalinc.com/services/residential-plumbing/,https://normanmechanicalinc.com/services/,Services
https://normanmechanicalinc.com/services/residential-plumbing/,https://normanmechanicalinc.com/contact-us/,Contact Us
https://normanmechanicalinc.com/services/residential-plumbing/,https://normanmechanicalinc.com/privacy-policy/,Privacy Policy
https://normanmechanicalinc.com/services/commercial-plumbing/,https://normanmechanicalinc.com/services/commercial-plumbing/#content,Skip to content
https://normanmechanicalinc.com/services/commercial-plumbing/,https://normanmechanicalinc.com/,
https://normanmechanicalinc.com/services/commercial-plumbing/,https://normanmechanicalinc.com/,Home
https://normanmechanicalinc.com/services/commercial-plumbing/,https://normanmechanicalinc.com/about-us/,About Us
https://normanmechanicalinc.com/services/commercial-plumbing/,https://normanmechanicalinc.com/services/,Services
https://normanmechanicalinc.com/services/commercial-plumbing/,https://normanmechanicalinc.com/services/emergency-service/,Emergency Service
https://normanmechanicalinc.com/services/commercial-plumbing/,https://normanmechanicalinc.com/services/residential-plumbing/,Residential Plumbing
https://normanmechanicalinc.com/services/commercial-plumbing/,https://normanmechanicalinc.com/services/commercial-plumbing/,Commercial Plumbing
https://normanmechanicalinc.com/services/commercial-plumbing/,https://normanmechanicalinc.com/services/water-heaters/,Water Heaters
https://normanmechanicalinc.com/services/commercial-plumbing/,https://normanmechanicalinc.com/services/tankless-water-heaters/,Tankless Water Heaters
https://normanmechanicalinc.com/services/commercial-plumbing/,https://normanmechanicalinc.com/services/sewer-line-repair-and-replacement/,Sewer Line Repair and Replacement
https://normanmechanicalinc.com/services/commercial-plumbing/,https://normanmechanicalinc.com/services/drain-cleaning/,Drain Cleaning
https://normanmechanicalinc.com/services/commercial-plumbing/,https://normanmechanicalinc.com/services/water-line-repair-and-replacement/,Water Line Repair and Replacement
https://normanmechanicalinc.com/services/commercial-plumbing/,https://normanmechanicalinc.com/services/sump-pump/,Sump Pump
https://normanmechanicalinc.com/services/commercial-plumbing/,https://normanmechanicalinc.com/services/gas-line-repair-and-replacement/,Gas line repair and replacement
https://normanmechanicalinc.com/services/commercial-plumbing/,https://normanmechanicalinc.com/services/new-construction/,New Construction
https://normanmechanicalinc.com/services/commercial-plumbing/,https://normanmechanicalinc.com/services/sewer-camera-inspection/,Sewer Camera Inspection
https://normanmechanicalinc.com/services/commercial-plumbing/,https://normanmechanicalinc.com/contact-us/,Contact Us
https://normanmechanicalinc.com/services/commercial-plumbing/,https://normanmechanicalinc.com/,Home
https://normanmechanicalinc.com/services/commercial-plumbing/,https://normanmechanicalinc.com/about-us/,About Us
https://normanmechanicalinc.com/services/commercial-plumbing/,https://normanmechanicalinc.com/services/,Services
https://normanmechanicalinc.com/services/commercial-plumbing/,https://normanmechanicalinc.com/services/emergency-service/,Emergency Service
https://normanmechanicalinc.com/services/commercial-plumbing/,https://normanmechanicalinc.com/services/residential-plumbing/,Residential Plumbing
https://normanmechanicalinc.com/services/commercial-plumbing/,https://normanmechanicalinc.com/services/commercial-plumbing/,Commercial Plumbing
https://normanmechanicalinc.com/services/commercial-plumbing/,https://normanmechanicalinc.com/services/water-heaters/,Water Heaters
https://normanmechanicalinc.com/services/commercial-plumbing/,https://normanmechanicalinc.com/services/tankless-water-heaters/,Tankless Water Heaters
https://normanmechanicalinc.com/services/commercial-plumbing/,https://normanmechanicalinc.com/services/sewer-line-repair-and-replacement/,Sewer Line Repair and Replacement
https://normanmechanicalinc.com/services/commercial-plumbing/,https://normanmechanicalinc.com/services/drain-cleaning/,Drain Cleaning
https://normanmechanicalinc.com/services/commercial-plumbing/,https://normanmechanicalinc.com/services/water-line-repair-and-replacement/,Water Line Repair and Replacement
https://normanmechanicalinc.com/services/commercial-plumbing/,https://normanmechanicalinc.com/services/sump-pump/,Sump Pump
https://normanmechanicalinc.com/services/commercial-plumbing/,https://normanmechanicalinc.com/services/gas-line-repair-and-replacement/,Gas line repair and replacement
https://normanmechanicalinc.com/services/commercial-plumbing/,https://normanmechanicalinc.com/services/new-construction/,New Construction
https://normanmechanicalinc.com/services/commercial-plumbing/,https://normanmechanicalinc.com/services/sewer-camera-inspection/,Sewer Camera Inspection
https://normanmechanicalinc.com/services/commercial-plumbing/,https://normanmechanicalinc.com/contact-us/,Contact Us
https://normanmechanicalinc.com/services/commercial-plumbing/,https://normanmechanicalinc.com/contact-us/#form_submit,REQUEST A QUOTE
https://normanmechanicalinc.com/services/commercial-plumbing/,https://normanmechanicalinc.com/,
https://normanmechanicalinc.com/services/commercial-plumbing/,https://normanmechanicalinc.com/,Home
https://normanmechanicalinc.com/services/commercial-plumbing/,https://normanmechanicalinc.com/about-us/,About Us
https://normanmechanicalinc.com/services/commercial-plumbing/,https://normanmechanicalinc.com/services/,Services
https://normanmechanicalinc.com/services/commercial-plumbing/,https://normanmechanicalinc.com/services/emergency-service/,Emergency Service
https://normanmechanicalinc.com/services/commercial-plumbing/,https://normanmechanicalinc.com/services/residential-plumbing/,Residential Plumbing
https://normanmechanicalinc.com/services/commercial-plumbing/,https://normanmechanicalinc.com/services/commercial-plumbing/,Commercial Plumbing
https://normanmechanicalinc.com/services/commercial-plumbing/,https://normanmechanicalinc.com/services/water-heaters/,Water Heaters
https://normanmechanicalinc.com/services/commercial-plumbing/,https://normanmechanicalinc.com/services/tankless-water-heaters/,Tankless Water Heaters
https://normanmechanicalinc.com/services/commercial-plumbing/,https://normanmechanicalinc.com/services/sewer-line-repair-and-replacement/,Sewer Line Repair and Replacement
https://normanmechanicalinc.com/services/commercial-plumbing/,https://normanmechanicalinc.com/services/drain-cleaning/,Drain Cleaning
https://normanmechanicalinc.com/services/commercial-plumbing/,https://normanmechanicalinc.com/services/water-line-repair-and-replacement/,Water Line Repair and Replacement
https://normanmechanicalinc.com/services/commercial-plumbing/,https://normanmechanicalinc.com/services/sump-pump/,Sump Pump
https://normanmechanicalinc.com/services/commercial-plumbing/,https://normanmechanicalinc.com/services/gas-line-repair-and-replacement/,Gas line repair and replacement
https://normanmechanicalinc.com/services/commercial-plumbing/,https://normanmechanicalinc.com/services/new-construction/,New Construction
https://normanmechanicalinc.com/services/commercial-plumbing/,https://normanmechanicalinc.com/services/sewer-camera-inspection/,Sewer Camera Inspection
https://normanmechanicalinc.com/services/commercial-plumbing/,https://normanmechanicalinc.com/contact-us/,Contact Us
https://normanmechanicalinc.com/services/commercial-plumbing/,https://normanmechanicalinc.com/services/emergency-service/,Emergency Service
https://normanmechanicalinc.com/services/commercial-plumbing/,https://normanmechanicalinc.com/services/residential-plumbing/,Residential Plumbing
https://normanmechanicalinc.com/services/commercial-plumbing/,https://normanmechanicalinc.com/services/commercial-plumbing/,Commercial Plumbing
https://normanmechanicalinc.com/services/commercial-plumbing/,https://normanmechanicalinc.com/services/water-heaters/,Water Heaters
https://normanmechanicalinc.com/services/commercial-plumbing/,https://normanmechanicalinc.com/services/tankless-water-heaters/,Tankless Water Heaters
https://normanmechanicalinc.com/services/commercial-plumbing/,https://normanmechanicalinc.com/services/sewer-line-repair-and-replacement/,Sewer Line Repair and Replacement
https://normanmechanicalinc.com/services/commercial-plumbing/,https://normanmechanicalinc.com/services/drain-cleaning/,Drain Cleaning
https://normanmechanicalinc.com/services/commercial-plumbing/,https://normanmechanicalinc.com/services/water-line-repair-and-replacement/,Water Line Repair and Replacement
https://normanmechanicalinc.com/services/commercial-plumbing/,https://normanmechanicalinc.com/services/sump-pump/,Sump Pump
https://normanmechanicalinc.com/services/commercial-plumbing/,https://normanmechanicalinc.com/services/gas-line-repair-and-replacement/,Gas line repair and replacement
https://normanmechanicalinc.com/services/commercial-plumbing/,https://normanmechanicalinc.com/services/new-construction/,New Construction
https://normanmechanicalinc.com/services/commercial-plumbing/,https://normanmechanicalinc.com/services/sewer-camera-inspection/,Sewer Camera Inspection
https://normanmechanicalinc.com/services/commercial-plumbing/,https://normanmechanicalinc.com/contact-us/#form_submit,Get a Quote
https://normanmechanicalinc.com/services/commercial-plumbing/,https://normanmechanicalinc.com/contact-us/#form_submit,Request A Service
https://normanmechanicalinc.com/services/commercial-plumbing/,https://normanmechanicalinc.com/,Home
https://normanmechanicalinc.com/services/commercial-plumbing/,https://normanmechanicalinc.com/about-us/,About Us
https://normanmechanicalinc.com/services/commercial-plumbing/,https://normanmechanicalinc.com/services/,Services
https://normanmechanicalinc.com/services/commercial-plumbing/,https://normanmechanicalinc.com/contact-us/,Contact Us
https://normanmechanicalinc.com/services/commercial-plumbing/,https://normanmechanicalinc.com/privacy-policy/,Privacy Policy
https://normanmechanicalinc.com/services/new-construction/,https://normanmechanicalinc.com/services/new-construction/#content,Skip to content
https://normanmechanicalinc.com/services/new-construction/,https://normanmechanicalinc.com/,
https://normanmechanicalinc.com/services/new-construction/,https://normanmechanicalinc.com/,Home
https://normanmechanicalinc.com/services/new-construction/,https://normanmechanicalinc.com/about-us/,About Us
https://normanmechanicalinc.com/services/new-construction/,https://normanmechanicalinc.com/services/,Services
https://normanmechanicalinc.com/services/new-construction/,https://normanmechanicalinc.com/services/emergency-service/,Emergency Service
https://normanmechanicalinc.com/services/new-construction/,https://normanmechanicalinc.com/services/residential-plumbing/,Residential Plumbing
https://normanmechanicalinc.com/services/new-construction/,https://normanmechanicalinc.com/services/commercial-plumbing/,Commercial Plumbing
https://normanmechanicalinc.com/services/new-construction/,https://normanmechanicalinc.com/services/water-heaters/,Water Heaters
https://normanmechanicalinc.com/services/new-construction/,https://normanmechanicalinc.com/services/tankless-water-heaters/,Tankless Water Heaters
https://normanmechanicalinc.com/services/new-construction/,https://normanmechanicalinc.com/services/sewer-line-repair-and-replacement/,Sewer Line Repair and Replacement
https://normanmechanicalinc.com/services/new-construction/,https://normanmechanicalinc.com/services/drain-cleaning/,Drain Cleaning
https://normanmechanicalinc.com/services/new-construction/,https://normanmechanicalinc.com/services/water-line-repair-and-replacement/,Water Line Repair and Replacement
https://normanmechanicalinc.com/services/new-construction/,https://normanmechanicalinc.com/services/sump-pump/,Sump Pump
https://normanmechanicalinc.com/services/new-construction/,https://normanmechanicalinc.com/services/gas-line-repair-and-replacement/,Gas line repair and replacement
https://normanmechanicalinc.com/services/new-construction/,https://normanmechanicalinc.com/services/new-construction/,New Construction
https://normanmechanicalinc.com/services/new-construction/,https://normanmechanicalinc.com/services/sewer-camera-inspection/,Sewer Camera Inspection
https://normanmechanicalinc.com/services/new-construction/,https://normanmechanicalinc.com/contact-us/,Contact Us
https://normanmechanicalinc.com/services/new-construction/,https://normanmechanicalinc.com/,Home
https://normanmechanicalinc.com/services/new-construction/,https://normanmechanicalinc.com/about-us/,About Us
https://normanmechanicalinc.com/services/new-construction/,https://normanmechanicalinc.com/services/,Services
https://normanmechanicalinc.com/services/new-construction/,https://normanmechanicalinc.com/services/emergency-service/,Emergency Service
https://normanmechanicalinc.com/services/new-construction/,https://normanmechanicalinc.com/services/residential-plumbing/,Residential Plumbing
https://normanmechanicalinc.com/services/new-construction/,https://normanmechanicalinc.com/services/commercial-plumbing/,Commercial Plumbing
https://normanmechanicalinc.com/services/new-construction/,https://normanmechanicalinc.com/services/water-heaters/,Water Heaters
https://normanmechanicalinc.com/services/new-construction/,https://normanmechanicalinc.com/services/tankless-water-heaters/,Tankless Water Heaters
https://normanmechanicalinc.com/services/new-construction/,https://normanmechanicalinc.com/services/sewer-line-repair-and-replacement/,Sewer Line Repair and Replacement
https://normanmechanicalinc.com/services/new-construction/,https://normanmechanicalinc.com/services/drain-cleaning/,Drain Cleaning
https://normanmechanicalinc.com/services/new-construction/,https://normanmechanicalinc.com/services/water-line-repair-and-replacement/,Water Line Repair and Replacement
https://normanmechanicalinc.com/services/new-construction/,https://normanmechanicalinc.com/services/sump-pump/,Sump Pump
https://normanmechanicalinc.com/services/new-construction/,https://normanmechanicalinc.com/services/gas-line-repair-and-replacement/,Gas line repair and replacement
https://normanmechanicalinc.com/services/new-construction/,https://normanmechanicalinc.com/services/new-construction/,New Construction
https://normanmechanicalinc.com/services/new-construction/,https://normanmechanicalinc.com/services/sewer-camera-inspection/,Sewer Camera Inspection
https://normanmechanicalinc.com/services/new-construction/,https://normanmechanicalinc.com/contact-us/,Contact Us
https://normanmechanicalinc.com/services/new-construction/,https://normanmechanicalinc.com/contact-us/#form_submit,REQUEST A QUOTE
https://normanmechanicalinc.com/services/new-construction/,https://normanmechanicalinc.com/,
https://normanmechanicalinc.com/services/new-construction/,https://normanmechanicalinc.com/,Home
https://normanmechanicalinc.com/services/new-construction/,https://normanmechanicalinc.com/about-us/,About Us
https://normanmechanicalinc.com/services/new-construction/,https://normanmechanicalinc.com/services/,Services
https://normanmechanicalinc.com/services/new-construction/,https://normanmechanicalinc.com/services/emergency-service/,Emergency Service
https://normanmechanicalinc.com/services/new-construction/,https://normanmechanicalinc.com/services/residential-plumbing/,Residential Plumbing
https://normanmechanicalinc.com/services/new-construction/,https://normanmechanicalinc.com/services/commercial-plumbing/,Commercial Plumbing
https://normanmechanicalinc.com/services/new-construction/,https://normanmechanicalinc.com/services/water-heaters/,Water Heaters
https://normanmechanicalinc.com/services/new-construction/,https://normanmechanicalinc.com/services/tankless-water-heaters/,Tankless Water Heaters
https://normanmechanicalinc.com/services/new-construction/,https://normanmechanicalinc.com/services/sewer-line-repair-and-replacement/,Sewer Line Repair and Replacement
https://normanmechanicalinc.com/services/new-construction/,https://normanmechanicalinc.com/services/drain-cleaning/,Drain Cleaning
https://normanmechanicalinc.com/services/new-construction/,https://normanmechanicalinc.com/services/water-line-repair-and-replacement/,Water Line Repair and Replacement
https://normanmechanicalinc.com/services/new-construction/,https://normanmechanicalinc.com/services/sump-pump/,Sump Pump
https://normanmechanicalinc.com/services/new-construction/,https://normanmechanicalinc.com/services/gas-line-repair-and-replacement/,Gas line repair and replacement
https://normanmechanicalinc.com/services/new-construction/,https://normanmechanicalinc.com/services/new-construction/,New Construction
https://normanmechanicalinc.com/services/new-construction/,https://normanmechanicalinc.com/services/sewer-camera-inspection/,Sewer Camera Inspection
https://normanmechanicalinc.com/services/new-construction/,https://normanmechanicalinc.com/contact-us/,Contact Us
https://normanmechanicalinc.com/services/new-construction/,https://normanmechanicalinc.com/services/emergency-service/,Emergency Service
https://normanmechanicalinc.com/services/new-construction/,https://normanmechanicalinc.com/services/residential-plumbing/,Residential Plumbing
https://normanmechanicalinc.com/services/new-construction/,https://normanmechanicalinc.com/services/commercial-plumbing/,Commercial Plumbing
https://normanmechanicalinc.com/services/new-construction/,https://normanmechanicalinc.com/services/water-heaters/,Water Heaters
https://normanmechanicalinc.com/services/new-construction/,https://normanmechanicalinc.com/services/tankless-water-heaters/,Tankless Water Heaters
https://normanmechanicalinc.com/services/new-construction/,https://normanmechanicalinc.com/services/sewer-line-repair-and-replacement/,Sewer Line Repair and Replacement
https://normanmechanicalinc.com/services/new-construction/,https://normanmechanicalinc.com/services/drain-cleaning/,Drain Cleaning
https://normanmechanicalinc.com/services/new-construction/,https://normanmechanicalinc.com/services/water-line-repair-and-replacement/,Water Line Repair and Replacement
https://normanmechanicalinc.com/services/new-construction/,https://normanmechanicalinc.com/services/sump-pump/,Sump Pump
https://normanmechanicalinc.com/services/new-construction/,https://normanmechanicalinc.com/services/gas-line-repair-and-replacement/,Gas line repair and replacement
https://normanmechanicalinc.com/services/new-construction/,https://normanmechanicalinc.com/services/new-construction/,New Construction
https://normanmechanicalinc.com/services/new-construction/,https://normanmechanicalinc.com/services/sewer-camera-inspection/,Sewer Camera Inspection
https://normanmechanicalinc.com/services/new-construction/,https://normanmechanicalinc.com/contact-us/#form_submit,Get a Quote
https://normanmechanicalinc.com/services/new-construction/,https://normanmechanicalinc.com/contact-us/#form_submit,Request A Service
https://normanmechanicalinc.com/services/new-construction/,https://normanmechanicalinc.com/,Home
https://normanmechanicalinc.com/services/new-construction/,https://normanmechanicalinc.com/about-us/,About Us
https://normanmechanicalinc.com/services/new-construction/,https://normanmechanicalinc.com/services/,Services
https://normanmechanicalinc.com/services/new-construction/,https://normanmechanicalinc.com/contact-us/,Contact Us
https://normanmechanicalinc.com/services/new-construction/,https://normanmechanicalinc.com/privacy-policy/,Privacy Policy
https://normanmechanicalinc.com/services/gas-line-repair-and-replacement/,https://normanmechanicalinc.com/services/gas-line-repair-and-replacement/#content,Skip to content
https://normanmechanicalinc.com/services/gas-line-repair-and-replacement/,https://normanmechanicalinc.com/,
https://normanmechanicalinc.com/services/gas-line-repair-and-replacement/,https://normanmechanicalinc.com/,Home
https://normanmechanicalinc.com/services/gas-line-repair-and-replacement/,https://normanmechanicalinc.com/about-us/,About Us
https://normanmechanicalinc.com/services/gas-line-repair-and-replacement/,https://normanmechanicalinc.com/services/,Services
https://normanmechanicalinc.com/services/gas-line-repair-and-replacement/,https://normanmechanicalinc.com/services/emergency-service/,Emergency Service
https://normanmechanicalinc.com/services/gas-line-repair-and-replacement/,https://normanmechanicalinc.com/services/residential-plumbing/,Residential Plumbing
https://normanmechanicalinc.com/services/gas-line-repair-and-replacement/,https://normanmechanicalinc.com/services/commercial-plumbing/,Commercial Plumbing
https://normanmechanicalinc.com/services/gas-line-repair-and-replacement/,https://normanmechanicalinc.com/services/water-heaters/,Water Heaters
https://normanmechanicalinc.com/services/gas-line-repair-and-replacement/,https://normanmechanicalinc.com/services/tankless-water-heaters/,Tankless Water Heaters
https://normanmechanicalinc.com/services/gas-line-repair-and-replacement/,https://normanmechanicalinc.com/services/sewer-line-repair-and-replacement/,Sewer Line Repair and Replacement
https://normanmechanicalinc.com/services/gas-line-repair-and-replacement/,https://normanmechanicalinc.com/services/drain-cleaning/,Drain Cleaning
https://normanmechanicalinc.com/services/gas-line-repair-and-replacement/,https://normanmechanicalinc.com/services/water-line-repair-and-replacement/,Water Line Repair and Replacement
https://normanmechanicalinc.com/services/gas-line-repair-and-replacement/,https://normanmechanicalinc.com/services/sump-pump/,Sump Pump
https://normanmechanicalinc.com/services/gas-line-repair-and-replacement/,https://normanmechanicalinc.com/services/gas-line-repair-and-replacement/,Gas line repair and replacement
https://normanmechanicalinc.com/services/gas-line-repair-and-replacement/,https://normanmechanicalinc.com/services/new-construction/,New Construction
https://normanmechanicalinc.com/services/gas-line-repair-and-replacement/,https://normanmechanicalinc.com/services/sewer-camera-inspection/,Sewer Camera Inspection
https://normanmechanicalinc.com/services/gas-line-repair-and-replacement/,https://normanmechanicalinc.com/contact-us/,Contact Us
https://normanmechanicalinc.com/services/gas-line-repair-and-replacement/,https://normanmechanicalinc.com/,Home
https://normanmechanicalinc.com/services/gas-line-repair-and-replacement/,https://normanmechanicalinc.com/about-us/,About Us
https://normanmechanicalinc.com/services/gas-line-repair-and-replacement/,https://normanmechanicalinc.com/services/,Services
https://normanmechanicalinc.com/services/gas-line-repair-and-replacement/,https://normanmechanicalinc.com/services/emergency-service/,Emergency Service
https://normanmechanicalinc.com/services/gas-line-repair-and-replacement/,https://normanmechanicalinc.com/services/residential-plumbing/,Residential Plumbing
https://normanmechanicalinc.com/services/gas-line-repair-and-replacement/,https://normanmechanicalinc.com/services/commercial-plumbing/,Commercial Plumbing
https://normanmechanicalinc.com/services/gas-line-repair-and-replacement/,https://normanmechanicalinc.com/services/water-heaters/,Water Heaters
https://normanmechanicalinc.com/services/gas-line-repair-and-replacement/,https://normanmechanicalinc.com/services/tankless-water-heaters/,Tankless Water Heaters
https://normanmechanicalinc.com/services/gas-line-repair-and-replacement/,https://normanmechanicalinc.com/services/sewer-line-repair-and-replacement/,Sewer Line Repair and Replacement
https://normanmechanicalinc.com/services/gas-line-repair-and-replacement/,https://normanmechanicalinc.com/services/drain-cleaning/,Drain Cleaning
https://normanmechanicalinc.com/services/gas-line-repair-and-replacement/,https://normanmechanicalinc.com/services/water-line-repair-and-replacement/,Water Line Repair and Replacement
https://normanmechanicalinc.com/services/gas-line-repair-and-replacement/,https://normanmechanicalinc.com/services/sump-pump/,Sump Pump
https://normanmechanicalinc.com/services/gas-line-repair-and-replacement/,https://normanmechanicalinc.com/services/gas-line-repair-and-replacement/,Gas line repair and replacement
https://normanmechanicalinc.com/services/gas-line-repair-and-replacement/,https://normanmechanicalinc.com/services/new-construction/,New Construction
https://normanmechanicalinc.com/services/gas-line-repair-and-replacement/,https://normanmechanicalinc.com/services/sewer-camera-inspection/,Sewer Camera Inspection
https://normanmechanicalinc.com/services/gas-line-repair-and-replacement/,https://normanmechanicalinc.com/contact-us/,Contact Us
https://normanmechanicalinc.com/services/gas-line-repair-and-replacement/,https://normanmechanicalinc.com/contact-us/#form_submit,REQUEST A QUOTE
https://normanmechanicalinc.com/services/gas-line-repair-and-replacement/,https://normanmechanicalinc.com/,
https://normanmechanicalinc.com/services/gas-line-repair-and-replacement/,https://normanmechanicalinc.com/,Home
https://normanmechanicalinc.com/services/gas-line-repair-and-replacement/,https://normanmechanicalinc.com/about-us/,About Us
https://normanmechanicalinc.com/services/gas-line-repair-and-replacement/,https://normanmechanicalinc.com/services/,Services
https://normanmechanicalinc.com/services/gas-line-repair-and-replacement/,https://normanmechanicalinc.com/services/emergency-service/,Emergency Service
https://normanmechanicalinc.com/services/gas-line-repair-and-replacement/,https://normanmechanicalinc.com/services/residential-plumbing/,Residential Plumbing
https://normanmechanicalinc.com/services/gas-line-repair-and-replacement/,https://normanmechanicalinc.com/services/commercial-plumbing/,Commercial Plumbing
https://normanmechanicalinc.com/services/gas-line-repair-and-replacement/,https://normanmechanicalinc.com/services/water-heaters/,Water Heaters
https://normanmechanicalinc.com/services/gas-line-repair-and-replacement/,https://normanmechanicalinc.com/services/tankless-water-heaters/,Tankless Water Heaters
https://normanmechanicalinc.com/services/gas-line-repair-and-replacement/,https://normanmechanicalinc.com/services/sewer-line-repair-and-replacement/,Sewer Line Repair and Replacement
https://normanmechanicalinc.com/services/gas-line-repair-and-replacement/,https://normanmechanicalinc.com/services/drain-cleaning/,Drain Cleaning
https://normanmechanicalinc.com/services/gas-line-repair-and-replacement/,https://normanmechanicalinc.com/services/water-line-repair-and-replacement/,Water Line Repair and Replacement
https://normanmechanicalinc.com/services/gas-line-repair-and-replacement/,https://normanmechanicalinc.com/services/sump-pump/,Sump Pump
https://normanmechanicalinc.com/services/gas-line-repair-and-replacement/,https://normanmechanicalinc.com/services/gas-line-repair-and-replacement/,Gas line repair and replacement
https://normanmechanicalinc.com/services/gas-line-repair-and-replacement/,https://normanmechanicalinc.com/services/new-construction/,New Construction
https://normanmechanicalinc.com/services/gas-line-repair-and-replacement/,https://normanmechanicalinc.com/services/sewer-camera-inspection/,Sewer Camera Inspection
https://normanmechanicalinc.com/services/gas-line-repair-and-replacement/,https://normanmechanicalinc.com/contact-us/,Contact Us
https://normanmechanicalinc.com/services/gas-line-repair-and-replacement/,https://normanmechanicalinc.com/services/emergency-service/,Emergency Service
https://normanmechanicalinc.com/services/gas-line-repair-and-replacement/,https://normanmechanicalinc.com/services/residential-plumbing/,Residential Plumbing
https://normanmechanicalinc.com/services/gas-line-repair-and-replacement/,https://normanmechanicalinc.com/services/commercial-plumbing/,Commercial Plumbing
https://normanmechanicalinc.com/services/gas-line-repair-and-replacement/,https://normanmechanicalinc.com/services/water-heaters/,Water Heaters
https://normanmechanicalinc.com/services/gas-line-repair-and-replacement/,https://normanmechanicalinc.com/services/tankless-water-heaters/,Tankless Water Heaters
https://normanmechanicalinc.com/services/gas-line-repair-and-replacement/,https://normanmechanicalinc.com/services/sewer-line-repair-and-replacement/,Sewer Line Repair and Replacement
https://normanmechanicalinc.com/services/gas-line-repair-and-replacement/,https://normanmechanicalinc.com/services/drain-cleaning/,Drain Cleaning
https://normanmechanicalinc.com/services/gas-line-repair-and-replacement/,https://normanmechanicalinc.com/services/water-line-repair-and-replacement/,Water Line Repair and Replacement
https://normanmechanicalinc.com/services/gas-line-repair-and-replacement/,https://normanmechanicalinc.com/services/sump-pump/,Sump Pump
https://normanmechanicalinc.com/services/gas-line-repair-and-replacement/,https://normanmechanicalinc.com/services/gas-line-repair-and-replacement/,Gas line repair and replacement
https://normanmechanicalinc.com/services/gas-line-repair-and-replacement/,https://normanmechanicalinc.com/services/new-construction/,New Construction
https://normanmechanicalinc.com/services/gas-line-repair-and-replacement/,https://normanmechanicalinc.com/services/sewer-camera-inspection/,Sewer Camera Inspection
https://normanmechanicalinc.com/services/gas-line-repair-and-replacement/,https://normanmechanicalinc.com/contact-us/#form_submit,Get a Quote
https://normanmechanicalinc.com/services/gas-line-repair-and-replacement/,https://normanmechanicalinc.com/contact-us/#form_submit,Request A Service
https://normanmechanicalinc.com/services/gas-line-repair-and-replacement/,https://normanmechanicalinc.com/,Home
https://normanmechanicalinc.com/services/gas-line-repair-and-replacement/,https://normanmechanicalinc.com/about-us/,About Us
https://normanmechanicalinc.com/services/gas-line-repair-and-replacement/,https://normanmechanicalinc.com/services/,Services
https://normanmechanicalinc.com/services/gas-line-repair-and-replacement/,https://normanmechanicalinc.com/contact-us/,Contact Us
https://normanmechanicalinc.com/services/gas-line-repair-and-replacement/,https://normanmechanicalinc.com/privacy-policy/,Privacy Policy
https://normanmechanicalinc.com/services/emergency-service/,https://normanmechanicalinc.com/services/emergency-service/#content,Skip to content
https://normanmechanicalinc.com/services/emergency-service/,https://normanmechanicalinc.com/,
https://normanmechanicalinc.com/services/emergency-service/,https://normanmechanicalinc.com/,Home
https://normanmechanicalinc.com/services/emergency-service/,https://normanmechanicalinc.com/about-us/,About Us
https://normanmechanicalinc.com/services/emergency-service/,https://normanmechanicalinc.com/services/,Services
https://normanmechanicalinc.com/services/emergency-service/,https://normanmechanicalinc.com/services/emergency-service/,Emergency Service
https://normanmechanicalinc.com/services/emergency-service/,https://normanmechanicalinc.com/services/residential-plumbing/,Residential Plumbing
https://normanmechanicalinc.com/services/emergency-service/,https://normanmechanicalinc.com/services/commercial-plumbing/,Commercial Plumbing
https://normanmechanicalinc.com/services/emergency-service/,https://normanmechanicalinc.com/services/water-heaters/,Water Heaters
https://normanmechanicalinc.com/services/emergency-service/,https://normanmechanicalinc.com/services/tankless-water-heaters/,Tankless Water Heaters
https://normanmechanicalinc.com/services/emergency-service/,https://normanmechanicalinc.com/services/sewer-line-repair-and-replacement/,Sewer Line Repair and Replacement
https://normanmechanicalinc.com/services/emergency-service/,https://normanmechanicalinc.com/services/drain-cleaning/,Drain Cleaning
https://normanmechanicalinc.com/services/emergency-service/,https://normanmechanicalinc.com/services/water-line-repair-and-replacement/,Water Line Repair and Replacement
https://normanmechanicalinc.com/services/emergency-service/,https://normanmechanicalinc.com/services/sump-pump/,Sump Pump
https://normanmechanicalinc.com/services/emergency-service/,https://normanmechanicalinc.com/services/gas-line-repair-and-replacement/,Gas line repair and replacement
https://normanmechanicalinc.com/services/emergency-service/,https://normanmechanicalinc.com/services/new-construction/,New Construction
https://normanmechanicalinc.com/services/emergency-service/,https://normanmechanicalinc.com/services/sewer-camera-inspection/,Sewer Camera Inspection
https://normanmechanicalinc.com/services/emergency-service/,https://normanmechanicalinc.com/contact-us/,Contact Us
https://normanmechanicalinc.com/services/emergency-service/,https://normanmechanicalinc.com/,Home
https://normanmechanicalinc.com/services/emergency-service/,https://normanmechanicalinc.com/about-us/,About Us
https://normanmechanicalinc.com/services/emergency-service/,https://normanmechanicalinc.com/services/,Services
https://normanmechanicalinc.com/services/emergency-service/,https://normanmechanicalinc.com/services/emergency-service/,Emergency Service
https://normanmechanicalinc.com/services/emergency-service/,https://normanmechanicalinc.com/services/residential-plumbing/,Residential Plumbing
https://normanmechanicalinc.com/services/emergency-service/,https://normanmechanicalinc.com/services/commercial-plumbing/,Commercial Plumbing
https://normanmechanicalinc.com/services/emergency-service/,https://normanmechanicalinc.com/services/water-heaters/,Water Heaters
https://normanmechanicalinc.com/services/emergency-service/,https://normanmechanicalinc.com/services/tankless-water-heaters/,Tankless Water Heaters
https://normanmechanicalinc.com/services/emergency-service/,https://normanmechanicalinc.com/services/sewer-line-repair-and-replacement/,Sewer Line Repair and Replacement
https://normanmechanicalinc.com/services/emergency-service/,https://normanmechanicalinc.com/services/drain-cleaning/,Drain Cleaning
https://normanmechanicalinc.com/services/emergency-service/,https://normanmechanicalinc.com/services/water-line-repair-and-replacement/,Water Line Repair and Replacement
https://normanmechanicalinc.com/services/emergency-service/,https://normanmechanicalinc.com/services/sump-pump/,Sump Pump
https://normanmechanicalinc.com/services/emergency-service/,https://normanmechanicalinc.com/services/gas-line-repair-and-replacement/,Gas line repair and replacement
https://normanmechanicalinc.com/services/emergency-service/,https://normanmechanicalinc.com/services/new-construction/,New Construction
https://normanmechanicalinc.com/services/emergency-service/,https://normanmechanicalinc.com/services/sewer-camera-inspection/,Sewer Camera Inspection
https://normanmechanicalinc.com/services/emergency-service/,https://normanmechanicalinc.com/contact-us/,Contact Us
https://normanmechanicalinc.com/services/emergency-service/,https://normanmechanicalinc.com/contact-us/#form_submit,REQUEST A QUOTE
https://normanmechanicalinc.com/services/emergency-service/,https://normanmechanicalinc.com/,
https://normanmechanicalinc.com/services/emergency-service/,https://normanmechanicalinc.com/,Home
https://normanmechanicalinc.com/services/emergency-service/,https://normanmechanicalinc.com/about-us/,About Us
https://normanmechanicalinc.com/services/emergency-service/,https://normanmechanicalinc.com/services/,Services
https://normanmechanicalinc.com/services/emergency-service/,https://normanmechanicalinc.com/services/emergency-service/,Emergency Service
https://normanmechanicalinc.com/services/emergency-service/,https://normanmechanicalinc.com/services/residential-plumbing/,Residential Plumbing
https://normanmechanicalinc.com/services/emergency-service/,https://normanmechanicalinc.com/services/commercial-plumbing/,Commercial Plumbing
https://normanmechanicalinc.com/services/emergency-service/,https://normanmechanicalinc.com/services/water-heaters/,Water Heaters
https://normanmechanicalinc.com/services/emergency-service/,https://normanmechanicalinc.com/services/tankless-water-heaters/,Tankless Water Heaters
https://normanmechanicalinc.com/services/emergency-service/,https://normanmechanicalinc.com/services/sewer-line-repair-and-replacement/,Sewer Line Repair and Replacement
https://normanmechanicalinc.com/services/emergency-service/,https://normanmechanicalinc.com/services/drain-cleaning/,Drain Cleaning
https://normanmechanicalinc.com/services/emergency-service/,https://normanmechanicalinc.com/services/water-line-repair-and-replacement/,Water Line Repair and Replacement
https://normanmechanicalinc.com/services/emergency-service/,https://normanmechanicalinc.com/services/sump-pump/,Sump Pump
https://normanmechanicalinc.com/services/emergency-service/,https://normanmechanicalinc.com/services/gas-line-repair-and-replacement/,Gas line repair and replacement
https://normanmechanicalinc.com/services/emergency-service/,https://normanmechanicalinc.com/services/new-construction/,New Construction
https://normanmechanicalinc.com/services/emergency-service/,https://normanmechanicalinc.com/services/sewer-camera-inspection/,Sewer Camera Inspection
https://normanmechanicalinc.com/services/emergency-service/,https://normanmechanicalinc.com/contact-us/,Contact Us
https://normanmechanicalinc.com/services/emergency-service/,https://normanmechanicalinc.com/services/emergency-service/,Emergency Service
https://normanmechanicalinc.com/services/emergency-service/,https://normanmechanicalinc.com/services/residential-plumbing/,Residential Plumbing
https://normanmechanicalinc.com/services/emergency-service/,https://normanmechanicalinc.com/services/commercial-plumbing/,Commercial Plumbing
https://normanmechanicalinc.com/services/emergency-service/,https://normanmechanicalinc.com/services/water-heaters/,Water Heaters
https://normanmechanicalinc.com/services/emergency-service/,https://normanmechanicalinc.com/services/tankless-water-heaters/,Tankless Water Heaters
https://normanmechanicalinc.com/services/emergency-service/,https://normanmechanicalinc.com/services/sewer-line-repair-and-replacement/,Sewer Line Repair and Replacement
https://normanmechanicalinc.com/services/emergency-service/,https://normanmechanicalinc.com/services/drain-cleaning/,Drain Cleaning
https://normanmechanicalinc.com/services/emergency-service/,https://normanmechanicalinc.com/services/water-line-repair-and-replacement/,Water Line Repair and Replacement
https://normanmechanicalinc.com/services/emergency-service/,https://normanmechanicalinc.com/services/sump-pump/,Sump Pump
https://normanmechanicalinc.com/services/emergency-service/,https://normanmechanicalinc.com/services/gas-line-repair-and-replacement/,Gas line repair and replacement
https://normanmechanicalinc.com/services/emergency-service/,https://normanmechanicalinc.com/services/new-construction/,New Construction
https://normanmechanicalinc.com/services/emergency-service/,https://normanmechanicalinc.com/services/sewer-camera-inspection/,Sewer Camera Inspection
https://normanmechanicalinc.com/services/emergency-service/,https://normanmechanicalinc.com/contact-us/#form_submit,Get a Quote
https://normanmechanicalinc.com/services/emergency-service/,https://normanmechanicalinc.com/contact-us/#form_submit,Request A Service
https://normanmechanicalinc.com/services/emergency-service/,https://normanmechanicalinc.com/,Home
https://normanmechanicalinc.com/services/emergency-service/,https://normanmechanicalinc.com/about-us/,About Us
https://normanmechanicalinc.com/services/emergency-service/,https://normanmechanicalinc.com/services/,Services
https://normanmechanicalinc.com/services/emergency-service/,https://normanmechanicalinc.com/contact-us/,Contact Us
https://normanmechanicalinc.com/services/emergency-service/,https://normanmechanicalinc.com/privacy-policy/,Privacy Policy
https://normanmechanicalinc.com/services/drain-cleaning/,https://normanmechanicalinc.com/services/drain-cleaning/#content,Skip to content
https://normanmechanicalinc.com/services/drain-cleaning/,https://normanmechanicalinc.com/,
https://normanmechanicalinc.com/services/drain-cleaning/,https://normanmechanicalinc.com/,Home
https://normanmechanicalinc.com/services/drain-cleaning/,https://normanmechanicalinc.com/about-us/,About Us
https://normanmechanicalinc.com/services/drain-cleaning/,https://normanmechanicalinc.com/services/,Services
https://normanmechanicalinc.com/services/drain-cleaning/,https://normanmechanicalinc.com/services/emergency-service/,Emergency Service
https://normanmechanicalinc.com/services/drain-cleaning/,https://normanmechanicalinc.com/services/residential-plumbing/,Residential Plumbing
https://normanmechanicalinc.com/services/drain-cleaning/,https://normanmechanicalinc.com/services/commercial-plumbing/,Commercial Plumbing
https://normanmechanicalinc.com/services/drain-cleaning/,https://normanmechanicalinc.com/services/water-heaters/,Water Heaters
https://normanmechanicalinc.com/services/drain-cleaning/,https://normanmechanicalinc.com/services/tankless-water-heaters/,Tankless Water Heaters
https://normanmechanicalinc.com/services/drain-cleaning/,https://normanmechanicalinc.com/services/sewer-line-repair-and-replacement/,Sewer Line Repair and Replacement
https://normanmechanicalinc.com/services/drain-cleaning/,https://normanmechanicalinc.com/services/drain-cleaning/,Drain Cleaning
https://normanmechanicalinc.com/services/drain-cleaning/,https://normanmechanicalinc.com/services/water-line-repair-and-replacement/,Water Line Repair and Replacement
https://normanmechanicalinc.com/services/drain-cleaning/,https://normanmechanicalinc.com/services/sump-pump/,Sump Pump
https://normanmechanicalinc.com/services/drain-cleaning/,https://normanmechanicalinc.com/services/gas-line-repair-and-replacement/,Gas line repair and replacement
https://normanmechanicalinc.com/services/drain-cleaning/,https://normanmechanicalinc.com/services/new-construction/,New Construction
https://normanmechanicalinc.com/services/drain-cleaning/,https://normanmechanicalinc.com/services/sewer-camera-inspection/,Sewer Camera Inspection
https://normanmechanicalinc.com/services/drain-cleaning/,https://normanmechanicalinc.com/contact-us/,Contact Us
https://normanmechanicalinc.com/services/drain-cleaning/,https://normanmechanicalinc.com/,Home
https://normanmechanicalinc.com/services/drain-cleaning/,https://normanmechanicalinc.com/about-us/,About Us
https://normanmechanicalinc.com/services/drain-cleaning/,https://normanmechanicalinc.com/services/,Services
https://normanmechanicalinc.com/services/drain-cleaning/,https://normanmechanicalinc.com/services/emergency-service/,Emergency Service
https://normanmechanicalinc.com/services/drain-cleaning/,https://normanmechanicalinc.com/services/residential-plumbing/,Residential Plumbing
https://normanmechanicalinc.com/services/drain-cleaning/,https://normanmechanicalinc.com/services/commercial-plumbing/,Commercial Plumbing
https://normanmechanicalinc.com/services/drain-cleaning/,https://normanmechanicalinc.com/services/water-heaters/,Water Heaters
https://normanmechanicalinc.com/services/drain-cleaning/,https://normanmechanicalinc.com/services/tankless-water-heaters/,Tankless Water Heaters
https://normanmechanicalinc.com/services/drain-cleaning/,https://normanmechanicalinc.com/services/sewer-line-repair-and-replacement/,Sewer Line Repair and Replacement
https://normanmechanicalinc.com/services/drain-cleaning/,https://normanmechanicalinc.com/services/drain-cleaning/,Drain Cleaning
https://normanmechanicalinc.com/services/drain-cleaning/,https://normanmechanicalinc.com/services/water-line-repair-and-replacement/,Water Line Repair and Replacement
https://normanmechanicalinc.com/services/drain-cleaning/,https://normanmechanicalinc.com/services/sump-pump/,Sump Pump
https://normanmechanicalinc.com/services/drain-cleaning/,https://normanmechanicalinc.com/services/gas-line-repair-and-replacement/,Gas line repair and replacement
https://normanmechanicalinc.com/services/drain-cleaning/,https://normanmechanicalinc.com/services/new-construction/,New Construction
https://normanmechanicalinc.com/services/drain-cleaning/,https://normanmechanicalinc.com/services/sewer-camera-inspection/,Sewer Camera Inspection
https://normanmechanicalinc.com/services/drain-cleaning/,https://normanmechanicalinc.com/contact-us/,Contact Us
https://normanmechanicalinc.com/services/drain-cleaning/,https://normanmechanicalinc.com/contact-us/#form_submit,REQUEST A QUOTE
https://normanmechanicalinc.com/services/drain-cleaning/,https://normanmechanicalinc.com/,
https://normanmechanicalinc.com/services/drain-cleaning/,https://normanmechanicalinc.com/,Home
https://normanmechanicalinc.com/services/drain-cleaning/,https://normanmechanicalinc.com/about-us/,About Us
https://normanmechanicalinc.com/services/drain-cleaning/,https://normanmechanicalinc.com/services/,Services
https://normanmechanicalinc.com/services/drain-cleaning/,https://normanmechanicalinc.com/services/emergency-service/,Emergency Service
https://normanmechanicalinc.com/services/drain-cleaning/,https://normanmechanicalinc.com/services/residential-plumbing/,Residential Plumbing
https://normanmechanicalinc.com/services/drain-cleaning/,https://normanmechanicalinc.com/services/commercial-plumbing/,Commercial Plumbing
https://normanmechanicalinc.com/services/drain-cleaning/,https://normanmechanicalinc.com/services/water-heaters/,Water Heaters
https://normanmechanicalinc.com/services/drain-cleaning/,https://normanmechanicalinc.com/services/tankless-water-heaters/,Tankless Water Heaters
https://normanmechanicalinc.com/services/drain-cleaning/,https://normanmechanicalinc.com/services/sewer-line-repair-and-replacement/,Sewer Line Repair and Replacement
https://normanmechanicalinc.com/services/drain-cleaning/,https://normanmechanicalinc.com/services/drain-cleaning/,Drain Cleaning
https://normanmechanicalinc.com/services/drain-cleaning/,https://normanmechanicalinc.com/services/water-line-repair-and-replacement/,Water Line Repair and Replacement
https://normanmechanicalinc.com/services/drain-cleaning/,https://normanmechanicalinc.com/services/sump-pump/,Sump Pump
https://normanmechanicalinc.com/services/drain-cleaning/,https://normanmechanicalinc.com/services/gas-line-repair-and-replacement/,Gas line repair and replacement
https://normanmechanicalinc.com/services/drain-cleaning/,https://normanmechanicalinc.com/services/new-construction/,New Construction
https://normanmechanicalinc.com/services/drain-cleaning/,https://normanmechanicalinc.com/services/sewer-camera-inspection/,Sewer Camera Inspection
https://normanmechanicalinc.com/services/drain-cleaning/,https://normanmechanicalinc.com/contact-us/,Contact Us
https://normanmechanicalinc.com/services/drain-cleaning/,https://normanmechanicalinc.com/services/emergency-service/,Emergency Service
https://normanmechanicalinc.com/services/drain-cleaning/,https://normanmechanicalinc.com/services/residential-plumbing/,Residential Plumbing
https://normanmechanicalinc.com/services/drain-cleaning/,https://normanmechanicalinc.com/services/commercial-plumbing/,Commercial Plumbing
https://normanmechanicalinc.com/services/drain-cleaning/,https://normanmechanicalinc.com/services/water-heaters/,Water Heaters
https://normanmechanicalinc.com/services/drain-cleaning/,https://normanmechanicalinc.com/services/tankless-water-heaters/,Tankless Water Heaters
https://normanmechanicalinc.com/services/drain-cleaning/,https://normanmechanicalinc.com/services/sewer-line-repair-and-replacement/,Sewer Line Repair and Replacement
https://normanmechanicalinc.com/services/drain-cleaning/,https://normanmechanicalinc.com/services/drain-cleaning/,Drain Cleaning
https://normanmechanicalinc.com/services/drain-cleaning/,https://normanmechanicalinc.com/services/water-line-repair-and-replacement/,Water Line Repair and Replacement
https://normanmechanicalinc.com/services/drain-cleaning/,https://normanmechanicalinc.com/services/sump-pump/,Sump Pump
https://normanmechanicalinc.com/services/drain-cleaning/,https://normanmechanicalinc.com/services/gas-line-repair-and-replacement/,Gas line repair and replacement
https://normanmechanicalinc.com/services/drain-cleaning/,https://normanmechanicalinc.com/services/new-construction/,New Construction
https://normanmechanicalinc.com/services/drain-cleaning/,https://normanmechanicalinc.com/services/sewer-camera-inspection/,Sewer Camera Inspection
https://normanmechanicalinc.com/services/drain-cleaning/,https://normanmechanicalinc.com/contact-us/#form_submit,Get a Quote
https://normanmechanicalinc.com/services/drain-cleaning/,https://normanmechanicalinc.com/contact-us/#form_submit,Request A Service
https://normanmechanicalinc.com/services/drain-cleaning/,https://normanmechanicalinc.com/,Home
https://normanmechanicalinc.com/services/drain-cleaning/,https://normanmechanicalinc.com/about-us/,About Us
https://normanmechanicalinc.com/services/drain-cleaning/,https://normanmechanicalinc.com/services/,Services
https://normanmechanicalinc.com/services/drain-cleaning/,https://normanmechanicalinc.com/contact-us/,Contact Us
https://normanmechanicalinc.com/services/drain-cleaning/,https://normanmechanicalinc.com/privacy-policy/,Privacy Policy
https://normanmechanicalinc.com/contact-us/,https://normanmechanicalinc.com/contact-us/#content,Skip to content
https://normanmechanicalinc.com/contact-us/,https://normanmechanicalinc.com/,
https://normanmechanicalinc.com/contact-us/,https://normanmechanicalinc.com/,Home
https://normanmechanicalinc.com/contact-us/,https://normanmechanicalinc.com/about-us/,About Us
https://normanmechanicalinc.com/contact-us/,https://normanmechanicalinc.com/services/,Services
https://normanmechanicalinc.com/contact-us/,https://normanmechanicalinc.com/services/emergency-service/,Emergency Service
https://normanmechanicalinc.com/contact-us/,https://normanmechanicalinc.com/services/residential-plumbing/,Residential Plumbing
https://normanmechanicalinc.com/contact-us/,https://normanmechanicalinc.com/services/commercial-plumbing/,Commercial Plumbing
https://normanmechanicalinc.com/contact-us/,https://normanmechanicalinc.com/services/water-heaters/,Water Heaters
https://normanmechanicalinc.com/contact-us/,https://normanmechanicalinc.com/services/tankless-water-heaters/,Tankless Water Heaters
https://normanmechanicalinc.com/contact-us/,https://normanmechanicalinc.com/services/sewer-line-repair-and-replacement/,Sewer Line Repair and Replacement
https://normanmechanicalinc.com/contact-us/,https://normanmechanicalinc.com/services/drain-cleaning/,Drain Cleaning
https://normanmechanicalinc.com/contact-us/,https://normanmechanicalinc.com/services/water-line-repair-and-replacement/,Water Line Repair and Replacement
https://normanmechanicalinc.com/contact-us/,https://normanmechanicalinc.com/services/sump-pump/,Sump Pump
https://normanmechanicalinc.com/contact-us/,https://normanmechanicalinc.com/services/gas-line-repair-and-replacement/,Gas line repair and replacement
https://normanmechanicalinc.com/contact-us/,https://normanmechanicalinc.com/services/new-construction/,New Construction
https://normanmechanicalinc.com/contact-us/,https://normanmechanicalinc.com/services/sewer-camera-inspection/,Sewer Camera Inspection
https://normanmechanicalinc.com/contact-us/,https://normanmechanicalinc.com/contact-us/,Contact Us
https://normanmechanicalinc.com/contact-us/,https://normanmechanicalinc.com/,Home
https://normanmechanicalinc.com/contact-us/,https://normanmechanicalinc.com/about-us/,About Us
https://normanmechanicalinc.com/contact-us/,https://normanmechanicalinc.com/services/,Services
https://normanmechanicalinc.com/contact-us/,https://normanmechanicalinc.com/services/emergency-service/,Emergency Service
https://normanmechanicalinc.com/contact-us/,https://normanmechanicalinc.com/services/residential-plumbing/,Residential Plumbing
https://normanmechanicalinc.com/contact-us/,https://normanmechanicalinc.com/services/commercial-plumbing/,Commercial Plumbing
https://normanmechanicalinc.com/contact-us/,https://normanmechanicalinc.com/services/water-heaters/,Water Heaters
https://normanmechanicalinc.com/contact-us/,https://normanmechanicalinc.com/services/tankless-water-heaters/,Tankless Water Heaters
https://normanmechanicalinc.com/contact-us/,https://normanmechanicalinc.com/services/sewer-line-repair-and-replacement/,Sewer Line Repair and Replacement
https://normanmechanicalinc.com/contact-us/,https://normanmechanicalinc.com/services/drain-cleaning/,Drain Cleaning
https://normanmechanicalinc.com/contact-us/,https://normanmechanicalinc.com/services/water-line-repair-and-replacement/,Water Line Repair and Replacement
https://normanmechanicalinc.com/contact-us/,https://normanmechanicalinc.com/services/sump-pump/,Sump Pump
https://normanmechanicalinc.com/contact-us/,https://normanmechanicalinc.com/services/gas-line-repair-and-replacement/,Gas line repair and replacement
https://normanmechanicalinc.com/contact-us/,https://normanmechanicalinc.com/services/new-construction/,New Construction
https://normanmechanicalinc.com/contact-us/,https://normanmechanicalinc.com/services/sewer-camera-inspection/,Sewer Camera Inspection
https://normanmechanicalinc.com/contact-us/,https://normanmechanicalinc.com/contact-us/,Contact Us
https://normanmechanicalinc.com/contact-us/,https://normanmechanicalinc.com/contact-us/#form_submit,REQUEST A QUOTE
https://normanmechanicalinc.com/contact-us/,https://normanmechanicalinc.com/,
https://normanmechanicalinc.com/contact-us/,https://normanmechanicalinc.com/,Home
https://normanmechanicalinc.com/contact-us/,https://normanmechanicalinc.com/about-us/,About Us
https://normanmechanicalinc.com/contact-us/,https://normanmechanicalinc.com/services/,Services
https://normanmechanicalinc.com/contact-us/,https://normanmechanicalinc.com/services/emergency-service/,Emergency Service
https://normanmechanicalinc.com/contact-us/,https://normanmechanicalinc.com/services/residential-plumbing/,Residential Plumbing
https://normanmechanicalinc.com/contact-us/,https://normanmechanicalinc.com/services/commercial-plumbing/,Commercial Plumbing
https://normanmechanicalinc.com/contact-us/,https://normanmechanicalinc.com/services/water-heaters/,Water Heaters
https://normanmechanicalinc.com/contact-us/,https://normanmechanicalinc.com/services/tankless-water-heaters/,Tankless Water Heaters
https://normanmechanicalinc.com/contact-us/,https://normanmechanicalinc.com/services/sewer-line-repair-and-replacement/,Sewer Line Repair and Replacement
https://normanmechanicalinc.com/contact-us/,https://normanmechanicalinc.com/services/drain-cleaning/,Drain Cleaning
https://normanmechanicalinc.com/contact-us/,https://normanmechanicalinc.com/services/water-line-repair-and-replacement/,Water Line Repair and Replacement
https://normanmechanicalinc.com/contact-us/,https://normanmechanicalinc.com/services/sump-pump/,Sump Pump
https://normanmechanicalinc.com/contact-us/,https://normanmechanicalinc.com/services/gas-line-repair-and-replacement/,Gas line repair and replacement
https://normanmechanicalinc.com/contact-us/,https://normanmechanicalinc.com/services/new-construction/,New Construction
https://normanmechanicalinc.com/contact-us/,https://normanmechanicalinc.com/services/sewer-camera-inspection/,Sewer Camera Inspection
https://normanmechanicalinc.com/contact-us/,https://normanmechanicalinc.com/contact-us/,Contact Us
https://normanmechanicalinc.com/contact-us/,https://normanmechanicalinc.com/contact-us/#form_submit,Request A Service
https://normanmechanicalinc.com/contact-us/,https://normanmechanicalinc.com/,Home
https://normanmechanicalinc.com/contact-us/,https://normanmechanicalinc.com/about-us/,About Us
https://normanmechanicalinc.com/contact-us/,https://normanmechanicalinc.com/services/,Services
https://normanmechanicalinc.com/contact-us/,https://normanmechanicalinc.com/contact-us/,Contact Us
https://normanmechanicalinc.com/contact-us/,https://normanmechanicalinc.com/privacy-policy/,Privacy Policy
https://normanmechanicalinc.com/services/,https://normanmechanicalinc.com/services/#content,Skip to content
https://normanmechanicalinc.com/services/,https://normanmechanicalinc.com/,
https://normanmechanicalinc.com/services/,https://normanmechanicalinc.com/,Home
https://normanmechanicalinc.com/services/,https://normanmechanicalinc.com/about-us/,About Us
https://normanmechanicalinc.com/services/,https://normanmechanicalinc.com/services/,Services
https://normanmechanicalinc.com/services/,https://normanmechanicalinc.com/services/emergency-service/,Emergency Service
https://normanmechanicalinc.com/services/,https://normanmechanicalinc.com/services/residential-plumbing/,Residential Plumbing
https://normanmechanicalinc.com/services/,https://normanmechanicalinc.com/services/commercial-plumbing/,Commercial Plumbing
https://normanmechanicalinc.com/services/,https://normanmechanicalinc.com/services/water-heaters/,Water Heaters
https://normanmechanicalinc.com/services/,https://normanmechanicalinc.com/services/tankless-water-heaters/,Tankless Water Heaters
https://normanmechanicalinc.com/services/,https://normanmechanicalinc.com/services/sewer-line-repair-and-replacement/,Sewer Line Repair and Replacement
https://normanmechanicalinc.com/services/,https://normanmechanicalinc.com/services/drain-cleaning/,Drain Cleaning
https://normanmechanicalinc.com/services/,https://normanmechanicalinc.com/services/water-line-repair-and-replacement/,Water Line Repair and Replacement
https://normanmechanicalinc.com/services/,https://normanmechanicalinc.com/services/sump-pump/,Sump Pump
https://normanmechanicalinc.com/services/,https://normanmechanicalinc.com/services/gas-line-repair-and-replacement/,Gas line repair and replacement
https://normanmechanicalinc.com/services/,https://normanmechanicalinc.com/services/new-construction/,New Construction
https://normanmechanicalinc.com/services/,https://normanmechanicalinc.com/services/sewer-camera-inspection/,Sewer Camera Inspection
https://normanmechanicalinc.com/services/,https://normanmechanicalinc.com/contact-us/,Contact Us
https://normanmechanicalinc.com/services/,https://normanmechanicalinc.com/,Home
https://normanmechanicalinc.com/services/,https://normanmechanicalinc.com/about-us/,About Us
https://normanmechanicalinc.com/services/,https://normanmechanicalinc.com/services/,Services
https://normanmechanicalinc.com/services/,https://normanmechanicalinc.com/services/emergency-service/,Emergency Service
https://normanmechanicalinc.com/services/,https://normanmechanicalinc.com/services/residential-plumbing/,Residential Plumbing
https://normanmechanicalinc.com/services/,https://normanmechanicalinc.com/services/commercial-plumbing/,Commercial Plumbing
https://normanmechanicalinc.com/services/,https://normanmechanicalinc.com/services/water-heaters/,Water Heaters
https://normanmechanicalinc.com/services/,https://normanmechanicalinc.com/services/tankless-water-heaters/,Tankless Water Heaters
https://normanmechanicalinc.com/services/,https://normanmechanicalinc.com/services/sewer-line-repair-and-replacement/,Sewer Line Repair and Replacement
https://normanmechanicalinc.com/services/,https://normanmechanicalinc.com/services/drain-cleaning/,Drain Cleaning
https://normanmechanicalinc.com/services/,https://normanmechanicalinc.com/services/water-line-repair-and-replacement/,Water Line Repair and Replacement
https://normanmechanicalinc.com/services/,https://normanmechanicalinc.com/services/sump-pump/,Sump Pump
https://normanmechanicalinc.com/services/,https://normanmechanicalinc.com/services/gas-line-repair-and-replacement/,Gas line repair and replacement
https://normanmechanicalinc.com/services/,https://normanmechanicalinc.com/services/new-construction/,New Construction
https://normanmechanicalinc.com/services/,https://normanmechanicalinc.com/services/sewer-camera-inspection/,Sewer Camera Inspection
https://normanmechanicalinc.com/services/,https://normanmechanicalinc.com/contact-us/,Contact Us
https://normanmechanicalinc.com/services/,https://normanmechanicalinc.com/contact-us/#form_submit,REQUEST A QUOTE
https://normanmechanicalinc.com/services/,https://normanmechanicalinc.com/,
https://normanmechanicalinc.com/services/,https://normanmechanicalinc.com/,Home
https://normanmechanicalinc.com/services/,https://normanmechanicalinc.com/about-us/,About Us
https://normanmechanicalinc.com/services/,https://normanmechanicalinc.com/services/,Services
https://normanmechanicalinc.com/services/,https://normanmechanicalinc.com/services/emergency-service/,Emergency Service
https://normanmechanicalinc.com/services/,https://normanmechanicalinc.com/services/residential-plumbing/,Residential Plumbing
https://normanmechanicalinc.com/services/,https://normanmechanicalinc.com/services/commercial-plumbing/,Commercial Plumbing
https://normanmechanicalinc.com/services/,https://normanmechanicalinc.com/services/water-heaters/,Water Heaters
https://normanmechanicalinc.com/services/,https://normanmechanicalinc.com/services/tankless-water-heaters/,Tankless Water Heaters
https://normanmechanicalinc.com/services/,https://normanmechanicalinc.com/services/sewer-line-repair-and-replacement/,Sewer Line Repair and Replacement
https://normanmechanicalinc.com/services/,https://normanmechanicalinc.com/services/drain-cleaning/,Drain Cleaning
https://normanmechanicalinc.com/services/,https://normanmechanicalinc.com/services/water-line-repair-and-replacement/,Water Line Repair and Replacement
https://normanmechanicalinc.com/services/,https://normanmechanicalinc.com/services/sump-pump/,Sump Pump
https://normanmechanicalinc.com/services/,https://normanmechanicalinc.com/services/gas-line-repair-and-replacement/,Gas line repair and replacement
https://normanmechanicalinc.com/services/,https://normanmechanicalinc.com/services/new-construction/,New Construction
https://normanmechanicalinc.com/services/,https://normanmechanicalinc.com/services/sewer-camera-inspection/,Sewer Camera Inspection
https://normanmechanicalinc.com/services/,https://normanmechanicalinc.com/contact-us/,Contact Us
https://normanmechanicalinc.com/services/,https://normanmechanicalinc.com/emergency-service/,More Details
https://normanmechanicalinc.com/services/,https://normanmechanicalinc.com/services/residential-plumbing/,More Details
https://normanmechanicalinc.com/services/,https://normanmechanicalinc.com/services/commercial-plumbing/,More Details
https://normanmechanicalinc.com/services/,https://normanmechanicalinc.com/services/water-heaters/,More Details
https://normanmechanicalinc.com/services/,https://normanmechanicalinc.com/services/tankless-water-heaters/,More Details
https://normanmechanicalinc.com/services/,https://normanmechanicalinc.com/services/sewer-line-repair-and-replacement/,More Details
https://normanmechanicalinc.com/services/,https://normanmechanicalinc.com/drain-cleaning/,More Details
https://normanmechanicalinc.com/services/,https://normanmechanicalinc.com/services/water-line-repair-and-replacement/,More Details
https://normanmechanicalinc.com/services/,https://normanmechanicalinc.com/services/sump-pump/,More Details
https://normanmechanicalinc.com/services/,https://normanmechanicalinc.com/services/gas-line-repair-and-replacement/,More Details
https://normanmechanicalinc.com/services/,https://normanmechanicalinc.com/services/new-construction/,More Details
https://normanmechanicalinc.com/services/,https://normanmechanicalinc.com/services/sewer-camera-inspection/,More Details
https://normanmechanicalinc.com/services/,https://normanmechanicalinc.com/contact-us/#form_submit,Request A Service
https://normanmechanicalinc.com/services/,https://normanmechanicalinc.com/,Home
https://normanmechanicalinc.com/services/,https://normanmechanicalinc.com/about-us/,About Us
https://normanmechanicalinc.com/services/,https://normanmechanicalinc.com/services/,Services
https://normanmechanicalinc.com/services/,https://normanmechanicalinc.com/contact-us/,Contact Us
https://normanmechanicalinc.com/services/,https://normanmechanicalinc.com/privacy-policy/,Privacy Policy
https://normanmechanicalinc.com/about-us/,https://normanmechanicalinc.com/about-us/#content,Skip to content
https://normanmechanicalinc.com/about-us/,https://normanmechanicalinc.com/,
https://normanmechanicalinc.com/about-us/,https://normanmechanicalinc.com/,Home
https://normanmechanicalinc.com/about-us/,https://normanmechanicalinc.com/about-us/,About Us
https://normanmechanicalinc.com/about-us/,https://normanmechanicalinc.com/services/,Services
https://normanmechanicalinc.com/about-us/,https://normanmechanicalinc.com/services/emergency-service/,Emergency Service
https://normanmechanicalinc.com/about-us/,https://normanmechanicalinc.com/services/residential-plumbing/,Residential Plumbing
https://normanmechanicalinc.com/about-us/,https://normanmechanicalinc.com/services/commercial-plumbing/,Commercial Plumbing
https://normanmechanicalinc.com/about-us/,https://normanmechanicalinc.com/services/water-heaters/,Water Heaters
https://normanmechanicalinc.com/about-us/,https://normanmechanicalinc.com/services/tankless-water-heaters/,Tankless Water Heaters
https://normanmechanicalinc.com/about-us/,https://normanmechanicalinc.com/services/sewer-line-repair-and-replacement/,Sewer Line Repair and Replacement
https://normanmechanicalinc.com/about-us/,https://normanmechanicalinc.com/services/drain-cleaning/,Drain Cleaning
https://normanmechanicalinc.com/about-us/,https://normanmechanicalinc.com/services/water-line-repair-and-replacement/,Water Line Repair and Replacement
https://normanmechanicalinc.com/about-us/,https://normanmechanicalinc.com/services/sump-pump/,Sump Pump
https://normanmechanicalinc.com/about-us/,https://normanmechanicalinc.com/services/gas-line-repair-and-replacement/,Gas line repair and replacement
https://normanmechanicalinc.com/about-us/,https://normanmechanicalinc.com/services/new-construction/,New Construction
https://normanmechanicalinc.com/about-us/,https://normanmechanicalinc.com/services/sewer-camera-inspection/,Sewer Camera Inspection
https://normanmechanicalinc.com/about-us/,https://normanmechanicalinc.com/contact-us/,Contact Us
https://normanmechanicalinc.com/about-us/,https://normanmechanicalinc.com/,Home
https://normanmechanicalinc.com/about-us/,https://normanmechanicalinc.com/about-us/,About Us
https://normanmechanicalinc.com/about-us/,https://normanmechanicalinc.com/services/,Services
https://normanmechanicalinc.com/about-us/,https://normanmechanicalinc.com/services/emergency-service/,Emergency Service
https://normanmechanicalinc.com/about-us/,https://normanmechanicalinc.com/services/residential-plumbing/,Residential Plumbing
https://normanmechanicalinc.com/about-us/,https://normanmechanicalinc.com/services/commercial-plumbing/,Commercial Plumbing
https://normanmechanicalinc.com/about-us/,https://normanmechanicalinc.com/services/water-heaters/,Water Heaters
https://normanmechanicalinc.com/about-us/,https://normanmechanicalinc.com/services/tankless-water-heaters/,Tankless Water Heaters
https://normanmechanicalinc.com/about-us/,https://normanmechanicalinc.com/services/sewer-line-repair-and-replacement/,Sewer Line Repair and Replacement
https://normanmechanicalinc.com/about-us/,https://normanmechanicalinc.com/services/drain-cleaning/,Drain Cleaning
https://normanmechanicalinc.com/about-us/,https://normanmechanicalinc.com/services/water-line-repair-and-replacement/,Water Line Repair and Replacement
https://normanmechanicalinc.com/about-us/,https://normanmechanicalinc.com/services/sump-pump/,Sump Pump
https://normanmechanicalinc.com/about-us/,https://normanmechanicalinc.com/services/gas-line-repair-and-replacement/,Gas line repair and replacement
https://normanmechanicalinc.com/about-us/,https://normanmechanicalinc.com/services/new-construction/,New Construction
https://normanmechanicalinc.com/about-us/,https://normanmechanicalinc.com/services/sewer-camera-inspection/,Sewer Camera Inspection
https://normanmechanicalinc.com/about-us/,https://normanmechanicalinc.com/contact-us/,Contact Us
https://normanmechanicalinc.com/about-us/,https://normanmechanicalinc.com/contact-us/#form_submit,REQUEST A QUOTE
https://normanmechanicalinc.com/about-us/,https://normanmechanicalinc.com/,
https://normanmechanicalinc.com/about-us/,https://normanmechanicalinc.com/,Home
https://normanmechanicalinc.com/about-us/,https://normanmechanicalinc.com/about-us/,About Us
https://normanmechanicalinc.com/about-us/,https://normanmechanicalinc.com/services/,Services
https://normanmechanicalinc.com/about-us/,https://normanmechanicalinc.com/services/emergency-service/,Emergency Service
https://normanmechanicalinc.com/about-us/,https://normanmechanicalinc.com/services/residential-plumbing/,Residential Plumbing
https://normanmechanicalinc.com/about-us/,https://normanmechanicalinc.com/services/commercial-plumbing/,Commercial Plumbing
https://normanmechanicalinc.com/about-us/,https://normanmechanicalinc.com/services/water-heaters/,Water Heaters
https://normanmechanicalinc.com/about-us/,https://normanmechanicalinc.com/services/tankless-water-heaters/,Tankless Water Heaters
https://normanmechanicalinc.com/about-us/,https://normanmechanicalinc.com/services/sewer-line-repair-and-replacement/,Sewer Line Repair and Replacement
https://normanmechanicalinc.com/about-us/,https://normanmechanicalinc.com/services/drain-cleaning/,Drain Cleaning
https://normanmechanicalinc.com/about-us/,https://normanmechanicalinc.com/services/water-line-repair-and-replacement/,Water Line Repair and Replacement
https://normanmechanicalinc.com/about-us/,https://normanmechanicalinc.com/services/sump-pump/,Sump Pump
https://normanmechanicalinc.com/about-us/,https://normanmechanicalinc.com/services/gas-line-repair-and-replacement/,Gas line repair and replacement
https://normanmechanicalinc.com/about-us/,https://normanmechanicalinc.com/services/new-construction/,New Construction
https://normanmechanicalinc.com/about-us/,https://normanmechanicalinc.com/services/sewer-camera-inspection/,Sewer Camera Inspection
https://normanmechanicalinc.com/about-us/,https://normanmechanicalinc.com/contact-us/,Contact Us
https://normanmechanicalinc.com/about-us/,https://normanmechanicalinc.com/contact-us/#form_submit,Get a Quote
https://normanmechanicalinc.com/about-us/,https://normanmechanicalinc.com/contact-us/#form_submit,Request A Service
https://normanmechanicalinc.com/about-us/,https://normanmechanicalinc.com/,Home
https://normanmechanicalinc.com/about-us/,https://normanmechanicalinc.com/about-us/,About Us
https://normanmechanicalinc.com/about-us/,https://normanmechanicalinc.com/services/,Services
https://normanmechanicalinc.com/about-us/,https://normanmechanicalinc.com/contact-us/,Contact Us
https://normanmechanicalinc.com/about-us/,https://normanmechanicalinc.com/privacy-policy/,Privacy Policy
https://normanmechanicalinc.com/privacy-policy/,https://normanmechanicalinc.com/privacy-policy/#content,Skip to content
https://normanmechanicalinc.com/privacy-policy/,https://normanmechanicalinc.com/,
https://normanmechanicalinc.com/privacy-policy/,https://normanmechanicalinc.com/,Home
https://normanmechanicalinc.com/privacy-policy/,https://normanmechanicalinc.com/about-us/,About Us
https://normanmechanicalinc.com/privacy-policy/,https://normanmechanicalinc.com/services/,Services
https://normanmechanicalinc.com/privacy-policy/,https://normanmechanicalinc.com/services/emergency-service/,Emergency Service
https://normanmechanicalinc.com/privacy-policy/,https://normanmechanicalinc.com/services/residential-plumbing/,Residential Plumbing
https://normanmechanicalinc.com/privacy-policy/,https://normanmechanicalinc.com/services/commercial-plumbing/,Commercial Plumbing
https://normanmechanicalinc.com/privacy-policy/,https://normanmechanicalinc.com/services/water-heaters/,Water Heaters
https://normanmechanicalinc.com/privacy-policy/,https://normanmechanicalinc.com/services/tankless-water-heaters/,Tankless Water Heaters
https://normanmechanicalinc.com/privacy-policy/,https://normanmechanicalinc.com/services/sewer-line-repair-and-replacement/,Sewer Line Repair and Replacement
https://normanmechanicalinc.com/privacy-policy/,https://normanmechanicalinc.com/services/drain-cleaning/,Drain Cleaning
https://normanmechanicalinc.com/privacy-policy/,https://normanmechanicalinc.com/services/water-line-repair-and-replacement/,Water Line Repair and Replacement
https://normanmechanicalinc.com/privacy-policy/,https://normanmechanicalinc.com/services/sump-pump/,Sump Pump
https://normanmechanicalinc.com/privacy-policy/,https://normanmechanicalinc.com/services/gas-line-repair-and-replacement/,Gas line repair and replacement
https://normanmechanicalinc.com/privacy-policy/,https://normanmechanicalinc.com/services/new-construction/,New Construction
https://normanmechanicalinc.com/privacy-policy/,https://normanmechanicalinc.com/services/sewer-camera-inspection/,Sewer Camera Inspection
https://normanmechanicalinc.com/privacy-policy/,https://normanmechanicalinc.com/contact-us/,Contact Us
https://normanmechanicalinc.com/privacy-policy/,https://normanmechanicalinc.com/,Home
https://normanmechanicalinc.com/privacy-policy/,https://normanmechanicalinc.com/about-us/,About Us
https://normanmechanicalinc.com/privacy-policy/,https://normanmechanicalinc.com/services/,Services
https://normanmechanicalinc.com/privacy-policy/,https://normanmechanicalinc.com/services/emergency-service/,Emergency Service
https://normanmechanicalinc.com/privacy-policy/,https://normanmechanicalinc.com/services/residential-plumbing/,Residential Plumbing
https://normanmechanicalinc.com/privacy-policy/,https://normanmechanicalinc.com/services/commercial-plumbing/,Commercial Plumbing
https://normanmechanicalinc.com/privacy-policy/,https://normanmechanicalinc.com/services/water-heaters/,Water Heaters
https://normanmechanicalinc.com/privacy-policy/,https://normanmechanicalinc.com/services/tankless-water-heaters/,Tankless Water Heaters
https://normanmechanicalinc.com/privacy-policy/,https://normanmechanicalinc.com/services/sewer-line-repair-and-replacement/,Sewer Line Repair and Replacement
https://normanmechanicalinc.com/privacy-policy/,https://normanmechanicalinc.com/services/drain-cleaning/,Drain Cleaning
https://normanmechanicalinc.com/privacy-policy/,https://normanmechanicalinc.com/services/water-line-repair-and-replacement/,Water Line Repair and Replacement
https://normanmechanicalinc.com/privacy-policy/,https://normanmechanicalinc.com/services/sump-pump/,Sump Pump
https://normanmechanicalinc.com/privacy-policy/,https://normanmechanicalinc.com/services/gas-line-repair-and-replacement/,Gas line repair and replacement
https://normanmechanicalinc.com/privacy-policy/,https://normanmechanicalinc.com/services/new-construction/,New Construction
https://normanmechanicalinc.com/privacy-policy/,https://normanmechanicalinc.com/services/sewer-camera-inspection/,Sewer Camera Inspection
https://normanmechanicalinc.com/privacy-policy/,https://normanmechanicalinc.com/contact-us/,Contact Us
https://normanmechanicalinc.com/privacy-policy/,https://normanmechanicalinc.com/contact-us/#form_submit,REQUEST A QUOTE
https://normanmechanicalinc.com/privacy-policy/,https://normanmechanicalinc.com/,
https://normanmechanicalinc.com/privacy-policy/,https://normanmechanicalinc.com/,Home
https://normanmechanicalinc.com/privacy-policy/,https://normanmechanicalinc.com/about-us/,About Us
https://normanmechanicalinc.com/privacy-policy/,https://normanmechanicalinc.com/services/,Services
https://normanmechanicalinc.com/privacy-policy/,https://normanmechanicalinc.com/services/emergency-service/,Emergency Service
https://normanmechanicalinc.com/privacy-policy/,https://normanmechanicalinc.com/services/residential-plumbing/,Residential Plumbing
https://normanmechanicalinc.com/privacy-policy/,https://normanmechanicalinc.com/services/commercial-plumbing/,Commercial Plumbing
https://normanmechanicalinc.com/privacy-policy/,https://normanmechanicalinc.com/services/water-heaters/,Water Heaters
https://normanmechanicalinc.com/privacy-policy/,https://normanmechanicalinc.com/services/tankless-water-heaters/,Tankless Water Heaters
https://normanmechanicalinc.com/privacy-policy/,https://normanmechanicalinc.com/services/sewer-line-repair-and-replacement/,Sewer Line Repair and Replacement
https://normanmechanicalinc.com/privacy-policy/,https://normanmechanicalinc.com/services/drain-cleaning/,Drain Cleaning
https://normanmechanicalinc.com/privacy-policy/,https://normanmechanicalinc.com/services/water-line-repair-and-replacement/,Water Line Repair and Replacement
https://normanmechanicalinc.com/privacy-policy/,https://normanmechanicalinc.com/services/sump-pump/,Sump Pump
https://normanmechanicalinc.com/privacy-policy/,https://normanmechanicalinc.com/services/gas-line-repair-and-replacement/,Gas line repair and replacement
https://normanmechanicalinc.com/privacy-policy/,https://normanmechanicalinc.com/services/new-construction/,New Construction
https://normanmechanicalinc.com/privacy-policy/,https://normanmechanicalinc.com/services/sewer-camera-inspection/,Sewer Camera Inspection
https://normanmechanicalinc.com/privacy-policy/,https://normanmechanicalinc.com/contact-us/,Contact Us
https://normanmechanicalinc.com/privacy-policy/,https://normanmechanicalinc.com/contact-us/#form_submit,Request A Service
https://normanmechanicalinc.com/privacy-policy/,https://normanmechanicalinc.com/,Home
https://normanmechanicalinc.com/privacy-policy/,https://normanmechanicalinc.com/about-us/,About Us
https://normanmechanicalinc.com/privacy-policy/,https://normanmechanicalinc.com/services/,Services
https://normanmechanicalinc.com/privacy-policy/,https://normanmechanicalinc.com/contact-us/,Contact Us
https://normanmechanicalinc.com/privacy-policy/,https://normanmechanicalinc.com/privacy-policy/,Privacy Policy
https://normanmechanicalinc.com/category/uncategorized/,https://normanmechanicalinc.com/category/uncategorized/#content,Skip to content
https://normanmechanicalinc.com/category/uncategorized/,https://normanmechanicalinc.com/,
https://normanmechanicalinc.com/category/uncategorized/,https://normanmechanicalinc.com/,Home
https://normanmechanicalinc.com/category/uncategorized/,https://normanmechanicalinc.com/about-us/,About Us
https://normanmechanicalinc.com/category/uncategorized/,https://normanmechanicalinc.com/services/,Services
https://normanmechanicalinc.com/category/uncategorized/,https://normanmechanicalinc.com/services/emergency-service/,Emergency Service
https://normanmechanicalinc.com/category/uncategorized/,https://normanmechanicalinc.com/services/residential-plumbing/,Residential Plumbing
https://normanmechanicalinc.com/category/uncategorized/,https://normanmechanicalinc.com/services/commercial-plumbing/,Commercial Plumbing
https://normanmechanicalinc.com/category/uncategorized/,https://normanmechanicalinc.com/services/water-heaters/,Water Heaters
https://normanmechanicalinc.com/category/uncategorized/,https://normanmechanicalinc.com/services/tankless-water-heaters/,Tankless Water Heaters
https://normanmechanicalinc.com/category/uncategorized/,https://normanmechanicalinc.com/services/sewer-line-repair-and-replacement/,Sewer Line Repair and Replacement
https://normanmechanicalinc.com/category/uncategorized/,https://normanmechanicalinc.com/services/drain-cleaning/,Drain Cleaning
https://normanmechanicalinc.com/category/uncategorized/,https://normanmechanicalinc.com/services/water-line-repair-and-replacement/,Water Line Repair and Replacement
https://normanmechanicalinc.com/category/uncategorized/,https://normanmechanicalinc.com/services/sump-pump/,Sump Pump
https://normanmechanicalinc.com/category/uncategorized/,https://normanmechanicalinc.com/services/gas-line-repair-and-replacement/,Gas line repair and replacement
https://normanmechanicalinc.com/category/uncategorized/,https://normanmechanicalinc.com/services/new-construction/,New Construction
https://normanmechanicalinc.com/category/uncategorized/,https://normanmechanicalinc.com/services/sewer-camera-inspection/,Sewer Camera Inspection
https://normanmechanicalinc.com/category/uncategorized/,https://normanmechanicalinc.com/contact-us/,Contact Us
https://normanmechanicalinc.com/category/uncategorized/,https://normanmechanicalinc.com/,Home
https://normanmechanicalinc.com/category/uncategorized/,https://normanmechanicalinc.com/about-us/,About Us
https://normanmechanicalinc.com/category/uncategorized/,https://normanmechanicalinc.com/services/,Services
https://normanmechanicalinc.com/category/uncategorized/,https://normanmechanicalinc.com/services/emergency-service/,Emergency Service
https://normanmechanicalinc.com/category/uncategorized/,https://normanmechanicalinc.com/services/residential-plumbing/,Residential Plumbing
https://normanmechanicalinc.com/category/uncategorized/,https://normanmechanicalinc.com/services/commercial-plumbing/,Commercial Plumbing
https://normanmechanicalinc.com/category/uncategorized/,https://normanmechanicalinc.com/services/water-heaters/,Water Heaters
https://normanmechanicalinc.com/category/uncategorized/,https://normanmechanicalinc.com/services/tankless-water-heaters/,Tankless Water Heaters
https://normanmechanicalinc.com/category/uncategorized/,https://normanmechanicalinc.com/services/sewer-line-repair-and-replacement/,Sewer Line Repair and Replacement
https://normanmechanicalinc.com/category/uncategorized/,https://normanmechanicalinc.com/services/drain-cleaning/,Drain Cleaning
https://normanmechanicalinc.com/category/uncategorized/,https://normanmechanicalinc.com/services/water-line-repair-and-replacement/,Water Line Repair and Replacement
https://normanmechanicalinc.com/category/uncategorized/,https://normanmechanicalinc.com/services/sump-pump/,Sump Pump
https://normanmechanicalinc.com/category/uncategorized/,https://normanmechanicalinc.com/services/gas-line-repair-and-replacement/,Gas line repair and replacement
https://normanmechanicalinc.com/category/uncategorized/,https://normanmechanicalinc.com/services/new-construction/,New Construction
https://normanmechanicalinc.com/category/uncategorized/,https://normanmechanicalinc.com/services/sewer-camera-inspection/,Sewer Camera Inspection
https://normanmechanicalinc.com/category/uncategorized/,https://normanmechanicalinc.com/contact-us/,Contact Us
https://normanmechanicalinc.com/category/uncategorized/,https://normanmechanicalinc.com/contact-us/#form_submit,REQUEST A QUOTE
https://normanmechanicalinc.com/category/uncategorized/,https://normanmechanicalinc.com/,
https://normanmechanicalinc.com/category/uncategorized/,https://normanmechanicalinc.com/,Home
https://normanmechanicalinc.com/category/uncategorized/,https://normanmechanicalinc.com/about-us/,About Us
https://normanmechanicalinc.com/category/uncategorized/,https://normanmechanicalinc.com/services/,Services
https://normanmechanicalinc.com/category/uncategorized/,https://normanmechanicalinc.com/services/emergency-service/,Emergency Service
https://normanmechanicalinc.com/category/uncategorized/,https://normanmechanicalinc.com/services/residential-plumbing/,Residential Plumbing
https://normanmechanicalinc.com/category/uncategorized/,https://normanmechanicalinc.com/services/commercial-plumbing/,Commercial Plumbing
https://normanmechanicalinc.com/category/uncategorized/,https://normanmechanicalinc.com/services/water-heaters/,Water Heaters
https://normanmechanicalinc.com/category/uncategorized/,https://normanmechanicalinc.com/services/tankless-water-heaters/,Tankless Water Heaters
https://normanmechanicalinc.com/category/uncategorized/,https://normanmechanicalinc.com/services/sewer-line-repair-and-replacement/,Sewer Line Repair and Replacement
https://normanmechanicalinc.com/category/uncategorized/,https://normanmechanicalinc.com/services/drain-cleaning/,Drain Cleaning
https://normanmechanicalinc.com/category/uncategorized/,https://normanmechanicalinc.com/services/water-line-repair-and-replacement/,Water Line Repair and Replacement
https://normanmechanicalinc.com/category/uncategorized/,https://normanmechanicalinc.com/services/sump-pump/,Sump Pump
https://normanmechanicalinc.com/category/uncategorized/,https://normanmechanicalinc.com/services/gas-line-repair-and-replacement/,Gas line repair and replacement
https://normanmechanicalinc.com/category/uncategorized/,https://normanmechanicalinc.com/services/new-construction/,New Construction
https://normanmechanicalinc.com/category/uncategorized/,https://normanmechanicalinc.com/services/sewer-camera-inspection/,Sewer Camera Inspection
https://normanmechanicalinc.com/category/uncategorized/,https://normanmechanicalinc.com/contact-us/,Contact Us
https://normanmechanicalinc.com/category/uncategorized/,https://normanmechanicalinc.com/hello-world-3/,Hello World 3
https://normanmechanicalinc.com/category/uncategorized/,https://normanmechanicalinc.com/hello-world-1/,Hello World 1
https://normanmechanicalinc.com/category/uncategorized/,https://normanmechanicalinc.com/hello-world-2/,Hello World 2
https://normanmechanicalinc.com/category/uncategorized/,https://normanmechanicalinc.com/hello-world/,Hello world!
https://normanmechanicalinc.com/category/uncategorized/,https://normanmechanicalinc.com/contact-us/#form_submit,Request A Service
https://normanmechanicalinc.com/category/uncategorized/,https://normanmechanicalinc.com/,Home
https://normanmechanicalinc.com/category/uncategorized/,https://normanmechanicalinc.com/about-us/,About Us
https://normanmechanicalinc.com/category/uncategorized/,https://normanmechanicalinc.com/services/,Services
https://normanmechanicalinc.com/category/uncategorized/,https://normanmechanicalinc.com/contact-us/,Contact Us
https://normanmechanicalinc.com/category/uncategorized/,https://normanmechanicalinc.com/privacy-policy/,Privacy Policy
https://normanmechanicalinc.com/emergency-service/,https://normanmechanicalinc.com/emergency-service/#content,Skip to content
https://normanmechanicalinc.com/emergency-service/,https://normanmechanicalinc.com/,
https://normanmechanicalinc.com/emergency-service/,https://normanmechanicalinc.com/,Home
https://normanmechanicalinc.com/emergency-service/,https://normanmechanicalinc.com/about-us/,About Us
https://normanmechanicalinc.com/emergency-service/,https://normanmechanicalinc.com/services/,Services
https://normanmechanicalinc.com/emergency-service/,https://normanmechanicalinc.com/services/emergency-service/,Emergency Service
https://normanmechanicalinc.com/emergency-service/,https://normanmechanicalinc.com/services/residential-plumbing/,Residential Plumbing
https://normanmechanicalinc.com/emergency-service/,https://normanmechanicalinc.com/services/commercial-plumbing/,Commercial Plumbing
https://normanmechanicalinc.com/emergency-service/,https://normanmechanicalinc.com/services/water-heaters/,Water Heaters
https://normanmechanicalinc.com/emergency-service/,https://normanmechanicalinc.com/services/tankless-water-heaters/,Tankless Water Heaters
https://normanmechanicalinc.com/emergency-service/,https://normanmechanicalinc.com/services/sewer-line-repair-and-replacement/,Sewer Line Repair and Replacement
https://normanmechanicalinc.com/emergency-service/,https://normanmechanicalinc.com/services/drain-cleaning/,Drain Cleaning
https://normanmechanicalinc.com/emergency-service/,https://normanmechanicalinc.com/services/water-line-repair-and-replacement/,Water Line Repair and Replacement
https://normanmechanicalinc.com/emergency-service/,https://normanmechanicalinc.com/services/sump-pump/,Sump Pump
https://normanmechanicalinc.com/emergency-service/,https://normanmechanicalinc.com/services/gas-line-repair-and-replacement/,Gas line repair and replacement
https://normanmechanicalinc.com/emergency-service/,https://normanmechanicalinc.com/services/new-construction/,New Construction
https://normanmechanicalinc.com/emergency-service/,https://normanmechanicalinc.com/services/sewer-camera-inspection/,Sewer Camera Inspection
https://normanmechanicalinc.com/emergency-service/,https://normanmechanicalinc.com/contact-us/,Contact Us
https://normanmechanicalinc.com/emergency-service/,https://normanmechanicalinc.com/,Home
https://normanmechanicalinc.com/emergency-service/,https://normanmechanicalinc.com/about-us/,About Us
https://normanmechanicalinc.com/emergency-service/,https://normanmechanicalinc.com/services/,Services
https://normanmechanicalinc.com/emergency-service/,https://normanmechanicalinc.com/services/emergency-service/,Emergency Service
https://normanmechanicalinc.com/emergency-service/,https://normanmechanicalinc.com/services/residential-plumbing/,Residential Plumbing
https://normanmechanicalinc.com/emergency-service/,https://normanmechanicalinc.com/services/commercial-plumbing/,Commercial Plumbing
https://normanmechanicalinc.com/emergency-service/,https://normanmechanicalinc.com/services/water-heaters/,Water Heaters
https://normanmechanicalinc.com/emergency-service/,https://normanmechanicalinc.com/services/tankless-water-heaters/,Tankless Water Heaters
https://normanmechanicalinc.com/emergency-service/,https://normanmechanicalinc.com/services/sewer-line-repair-and-replacement/,Sewer Line Repair and Replacement
https://normanmechanicalinc.com/emergency-service/,https://normanmechanicalinc.com/services/drain-cleaning/,Drain Cleaning
https://normanmechanicalinc.com/emergency-service/,https://normanmechanicalinc.com/services/water-line-repair-and-replacement/,Water Line Repair and Replacement
https://normanmechanicalinc.com/emergency-service/,https://normanmechanicalinc.com/services/sump-pump/,Sump Pump
https://normanmechanicalinc.com/emergency-service/,https://normanmechanicalinc.com/services/gas-line-repair-and-replacement/,Gas line repair and replacement
https://normanmechanicalinc.com/emergency-service/,https://normanmechanicalinc.com/services/new-construction/,New Construction
https://normanmechanicalinc.com/emergency-service/,https://normanmechanicalinc.com/services/sewer-camera-inspection/,Sewer Camera Inspection
https://normanmechanicalinc.com/emergency-service/,https://normanmechanicalinc.com/contact-us/,Contact Us
https://normanmechanicalinc.com/emergency-service/,https://normanmechanicalinc.com/contact-us/#form_submit,REQUEST A QUOTE
https://normanmechanicalinc.com/emergency-service/,https://normanmechanicalinc.com/,
https://normanmechanicalinc.com/emergency-service/,https://normanmechanicalinc.com/,Home
https://normanmechanicalinc.com/emergency-service/,https://normanmechanicalinc.com/about-us/,About Us
https://normanmechanicalinc.com/emergency-service/,https://normanmechanicalinc.com/services/,Services
https://normanmechanicalinc.com/emergency-service/,https://normanmechanicalinc.com/services/emergency-service/,Emergency Service
https://normanmechanicalinc.com/emergency-service/,https://normanmechanicalinc.com/services/residential-plumbing/,Residential Plumbing
https://normanmechanicalinc.com/emergency-service/,https://normanmechanicalinc.com/services/commercial-plumbing/,Commercial Plumbing
https://normanmechanicalinc.com/emergency-service/,https://normanmechanicalinc.com/services/water-heaters/,Water Heaters
https://normanmechanicalinc.com/emergency-service/,https://normanmechanicalinc.com/services/tankless-water-heaters/,Tankless Water Heaters
https://normanmechanicalinc.com/emergency-service/,https://normanmechanicalinc.com/services/sewer-line-repair-and-replacement/,Sewer Line Repair and Replacement
https://normanmechanicalinc.com/emergency-service/,https://normanmechanicalinc.com/services/drain-cleaning/,Drain Cleaning
https://normanmechanicalinc.com/emergency-service/,https://normanmechanicalinc.com/services/water-line-repair-and-replacement/,Water Line Repair and Replacement
https://normanmechanicalinc.com/emergency-service/,https://normanmechanicalinc.com/services/sump-pump/,Sump Pump
https://normanmechanicalinc.com/emergency-service/,https://normanmechanicalinc.com/services/gas-line-repair-and-replacement/,Gas line repair and replacement
https://normanmechanicalinc.com/emergency-service/,https://normanmechanicalinc.com/services/new-construction/,New Construction
https://normanmechanicalinc.com/emergency-service/,https://normanmechanicalinc.com/services/sewer-camera-inspection/,Sewer Camera Inspection
https://normanmechanicalinc.com/emergency-service/,https://normanmechanicalinc.com/contact-us/,Contact Us
https://normanmechanicalinc.com/emergency-service/,https://normanmechanicalinc.com/services/emergency-service/,Emergency Service
https://normanmechanicalinc.com/emergency-service/,https://normanmechanicalinc.com/services/residential-plumbing/,Residential Plumbing
https://normanmechanicalinc.com/emergency-service/,https://normanmechanicalinc.com/services/commercial-plumbing/,Commercial Plumbing
https://normanmechanicalinc.com/emergency-service/,https://normanmechanicalinc.com/services/water-heaters/,Water Heaters
https://normanmechanicalinc.com/emergency-service/,https://normanmechanicalinc.com/services/tankless-water-heaters/,Tankless Water Heaters
https://normanmechanicalinc.com/emergency-service/,https://normanmechanicalinc.com/services/sewer-line-repair-and-replacement/,Sewer Line Repair and Replacement
https://normanmechanicalinc.com/emergency-service/,https://normanmechanicalinc.com/services/drain-cleaning/,Drain Cleaning
https://normanmechanicalinc.com/emergency-service/,https://normanmechanicalinc.com/services/water-line-repair-and-replacement/,Water Line Repair and Replacement
https://normanmechanicalinc.com/emergency-service/,https://normanmechanicalinc.com/services/sump-pump/,Sump Pump
https://normanmechanicalinc.com/emergency-service/,https://normanmechanicalinc.com/services/gas-line-repair-and-replacement/,Gas line repair and replacement
https://normanmechanicalinc.com/emergency-service/,https://normanmechanicalinc.com/services/new-construction/,New Construction
https://normanmechanicalinc.com/emergency-service/,https://normanmechanicalinc.com/services/sewer-camera-inspection/,Sewer Camera Inspection
https://normanmechanicalinc.com/emergency-service/,https://normanmechanicalinc.com/contact-us/#form_submit,Get a Quote
https://normanmechanicalinc.com/emergency-service/,https://normanmechanicalinc.com/contact-us/#form_submit,Request A Service
https://normanmechanicalinc.com/emergency-service/,https://normanmechanicalinc.com/,Home
https://normanmechanicalinc.com/emergency-service/,https://normanmechanicalinc.com/about-us/,About Us
https://normanmechanicalinc.com/emergency-service/,https://normanmechanicalinc.com/services/,Services
https://normanmechanicalinc.com/emergency-service/,https://normanmechanicalinc.com/contact-us/,Contact Us
https://normanmechanicalinc.com/emergency-service/,https://normanmechanicalinc.com/privacy-policy/,Privacy Policy
https://normanmechanicalinc.com/drain-cleaning/,https://normanmechanicalinc.com/drain-cleaning/#content,Skip to content
https://normanmechanicalinc.com/drain-cleaning/,https://normanmechanicalinc.com/,
https://normanmechanicalinc.com/drain-cleaning/,https://normanmechanicalinc.com/,Home
https://normanmechanicalinc.com/drain-cleaning/,https://normanmechanicalinc.com/about-us/,About Us
https://normanmechanicalinc.com/drain-cleaning/,https://normanmechanicalinc.com/services/,Services
https://normanmechanicalinc.com/drain-cleaning/,https://normanmechanicalinc.com/services/emergency-service/,Emergency Service
https://normanmechanicalinc.com/drain-cleaning/,https://normanmechanicalinc.com/services/residential-plumbing/,Residential Plumbing
https://normanmechanicalinc.com/drain-cleaning/,https://normanmechanicalinc.com/services/commercial-plumbing/,Commercial Plumbing
https://normanmechanicalinc.com/drain-cleaning/,https://normanmechanicalinc.com/services/water-heaters/,Water Heaters
https://normanmechanicalinc.com/drain-cleaning/,https://normanmechanicalinc.com/services/tankless-water-heaters/,Tankless Water Heaters
https://normanmechanicalinc.com/drain-cleaning/,https://normanmechanicalinc.com/services/sewer-line-repair-and-replacement/,Sewer Line Repair and Replacement
https://normanmechanicalinc.com/drain-cleaning/,https://normanmechanicalinc.com/services/drain-cleaning/,Drain Cleaning
https://normanmechanicalinc.com/drain-cleaning/,https://normanmechanicalinc.com/services/water-line-repair-and-replacement/,Water Line Repair and Replacement
https://normanmechanicalinc.com/drain-cleaning/,https://normanmechanicalinc.com/services/sump-pump/,Sump Pump
https://normanmechanicalinc.com/drain-cleaning/,https://normanmechanicalinc.com/services/gas-line-repair-and-replacement/,Gas line repair and replacement
https://normanmechanicalinc.com/drain-cleaning/,https://normanmechanicalinc.com/services/new-construction/,New Construction
https://normanmechanicalinc.com/drain-cleaning/,https://normanmechanicalinc.com/services/sewer-camera-inspection/,Sewer Camera Inspection
https://normanmechanicalinc.com/drain-cleaning/,https://normanmechanicalinc.com/contact-us/,Contact Us
https://normanmechanicalinc.com/drain-cleaning/,https://normanmechanicalinc.com/,Home
https://normanmechanicalinc.com/drain-cleaning/,https://normanmechanicalinc.com/about-us/,About Us
https://normanmechanicalinc.com/drain-cleaning/,https://normanmechanicalinc.com/services/,Services
https://normanmechanicalinc.com/drain-cleaning/,https://normanmechanicalinc.com/services/emergency-service/,Emergency Service
https://normanmechanicalinc.com/drain-cleaning/,https://normanmechanicalinc.com/services/residential-plumbing/,Residential Plumbing
https://normanmechanicalinc.com/drain-cleaning/,https://normanmechanicalinc.com/services/commercial-plumbing/,Commercial Plumbing
https://normanmechanicalinc.com/drain-cleaning/,https://normanmechanicalinc.com/services/water-heaters/,Water Heaters
https://normanmechanicalinc.com/drain-cleaning/,https://normanmechanicalinc.com/services/tankless-water-heaters/,Tankless Water Heaters
https://normanmechanicalinc.com/drain-cleaning/,https://normanmechanicalinc.com/services/sewer-line-repair-and-replacement/,Sewer Line Repair and Replacement
https://normanmechanicalinc.com/drain-cleaning/,https://normanmechanicalinc.com/services/drain-cleaning/,Drain Cleaning
https://normanmechanicalinc.com/drain-cleaning/,https://normanmechanicalinc.com/services/water-line-repair-and-replacement/,Water Line Repair and Replacement
https://normanmechanicalinc.com/drain-cleaning/,https://normanmechanicalinc.com/services/sump-pump/,Sump Pump
https://normanmechanicalinc.com/drain-cleaning/,https://normanmechanicalinc.com/services/gas-line-repair-and-replacement/,Gas line repair and replacement
https://normanmechanicalinc.com/drain-cleaning/,https://normanmechanicalinc.com/services/new-construction/,New Construction
https://normanmechanicalinc.com/drain-cleaning/,https://normanmechanicalinc.com/services/sewer-camera-inspection/,Sewer Camera Inspection
https://normanmechanicalinc.com/drain-cleaning/,https://normanmechanicalinc.com/contact-us/,Contact Us
https://normanmechanicalinc.com/drain-cleaning/,https://normanmechanicalinc.com/contact-us/#form_submit,REQUEST A QUOTE
https://normanmechanicalinc.com/drain-cleaning/,https://normanmechanicalinc.com/,
https://normanmechanicalinc.com/drain-cleaning/,https://normanmechanicalinc.com/,Home
https://normanmechanicalinc.com/drain-cleaning/,https://normanmechanicalinc.com/about-us/,About Us
https://normanmechanicalinc.com/drain-cleaning/,https://normanmechanicalinc.com/services/,Services
https://normanmechanicalinc.com/drain-cleaning/,https://normanmechanicalinc.com/services/emergency-service/,Emergency Service
https://normanmechanicalinc.com/drain-cleaning/,https://normanmechanicalinc.com/services/residential-plumbing/,Residential Plumbing
https://normanmechanicalinc.com/drain-cleaning/,https://normanmechanicalinc.com/services/commercial-plumbing/,Commercial Plumbing
https://normanmechanicalinc.com/drain-cleaning/,https://normanmechanicalinc.com/services/water-heaters/,Water Heaters
https://normanmechanicalinc.com/drain-cleaning/,https://normanmechanicalinc.com/services/tankless-water-heaters/,Tankless Water Heaters
https://normanmechanicalinc.com/drain-cleaning/,https://normanmechanicalinc.com/services/sewer-line-repair-and-replacement/,Sewer Line Repair and Replacement
https://normanmechanicalinc.com/drain-cleaning/,https://normanmechanicalinc.com/services/drain-cleaning/,Drain Cleaning
https://normanmechanicalinc.com/drain-cleaning/,https://normanmechanicalinc.com/services/water-line-repair-and-replacement/,Water Line Repair and Replacement
https://normanmechanicalinc.com/drain-cleaning/,https://normanmechanicalinc.com/services/sump-pump/,Sump Pump
https://normanmechanicalinc.com/drain-cleaning/,https://normanmechanicalinc.com/services/gas-line-repair-and-replacement/,Gas line repair and replacement
https://normanmechanicalinc.com/drain-cleaning/,https://normanmechanicalinc.com/services/new-construction/,New Construction
https://normanmechanicalinc.com/drain-cleaning/,https://normanmechanicalinc.com/services/sewer-camera-inspection/,Sewer Camera Inspection
https://normanmechanicalinc.com/drain-cleaning/,https://normanmechanicalinc.com/contact-us/,Contact Us
https://normanmechanicalinc.com/drain-cleaning/,https://normanmechanicalinc.com/services/emergency-service/,Emergency Service
https://normanmechanicalinc.com/drain-cleaning/,https://normanmechanicalinc.com/services/residential-plumbing/,Residential Plumbing
https://normanmechanicalinc.com/drain-cleaning/,https://normanmechanicalinc.com/services/commercial-plumbing/,Commercial Plumbing
https://normanmechanicalinc.com/drain-cleaning/,https://normanmechanicalinc.com/services/water-heaters/,Water Heaters
https://normanmechanicalinc.com/drain-cleaning/,https://normanmechanicalinc.com/services/tankless-water-heaters/,Tankless Water Heaters
https://normanmechanicalinc.com/drain-cleaning/,https://normanmechanicalinc.com/services/sewer-line-repair-and-replacement/,Sewer Line Repair and Replacement
https://normanmechanicalinc.com/drain-cleaning/,https://normanmechanicalinc.com/services/drain-cleaning/,Drain Cleaning
https://normanmechanicalinc.com/drain-cleaning/,https://normanmechanicalinc.com/services/water-line-repair-and-replacement/,Water Line Repair and Replacement
https://normanmechanicalinc.com/drain-cleaning/,https://normanmechanicalinc.com/services/sump-pump/,Sump Pump
https://normanmechanicalinc.com/drain-cleaning/,https://normanmechanicalinc.com/services/gas-line-repair-and-replacement/,Gas line repair and replacement
https://normanmechanicalinc.com/drain-cleaning/,https://normanmechanicalinc.com/services/new-construction/,New Construction
https://normanmechanicalinc.com/drain-cleaning/,https://normanmechanicalinc.com/services/sewer-camera-inspection/,Sewer Camera Inspection
https://normanmechanicalinc.com/drain-cleaning/,https://normanmechanicalinc.com/contact-us/#form_submit,Get a Quote
https://normanmechanicalinc.com/drain-cleaning/,https://normanmechanicalinc.com/contact-us/#form_submit,Request A Service
https://normanmechanicalinc.com/drain-cleaning/,https://normanmechanicalinc.com/,Home
https://normanmechanicalinc.com/drain-cleaning/,https://normanmechanicalinc.com/about-us/,About Us
https://normanmechanicalinc.com/drain-cleaning/,https://normanmechanicalinc.com/services/,Services
https://normanmechanicalinc.com/drain-cleaning/,https://normanmechanicalinc.com/contact-us/,Contact Us
https://normanmechanicalinc.com/drain-cleaning/,https://normanmechanicalinc.com/privacy-policy/,Privacy Policy